MIC001;MIC002;MIC004;MIC006;MIC007;MIC008;MIC009;MIC010;MIC011;MIC012;MIC0014;MIC015;MIC016;MIC017;MIC018;MIC019;MIC022;MIC025;MIC027;MIC028;MIC029;MIC032;MIC033;MIC034;MIC035;MIC036;MIC037;MIC038;MIC042;MIC043;MIC044;MIC045;MIC046;MIC047;MIC048;MIC050;MIC051;MIC052;MIC053;MIC054;MIC055;MIC056;MIC058;MIC059;MIC060;MIC061;MIC062;MIC063;MIC064;MIC066;MIC067;MIC068;MIC069;MIC071;MIC072;MIC073;MIC074;MIC075;MIC076;MIC077;MIC078;MIC080;MIC081;MIC082;MIC083;MIC084;MIC085;MIC087;MIC088;MIC089;MIC090;TAXONOMY
0;0;0;0;0;0;0;0;0;0;0;0;0;0;0;0;0;0;0;0;0;0;0;0;0;0;0;0;0;0;0;0;0;0;0;71;0;0;0;0;0;7009;0;0;0;0;0;0;0;0;0;0;0;0;0;0;0;0;0;0;0;14;0;0;0;0;0;0;0;0;164;unclassified
0;0;0;0;0;0;0;0;0;0;0;0;0;0;0;0;0;0;0;0;0;0;0;0;0;0;0;0;21;0;0;0;0;0;0;0;0;0;0;0;0;0;0;0;0;0;0;0;0;0;0;0;0;0;0;0;0;0;0;0;0;0;0;0;0;0;0;0;0;0;0;"Abditibacteria;Abditibacteriales;Abditibacteriaceae;Abditibacterium;Abditibacterium utsteinense"
0;0;0;0;0;0;0;0;0;0;0;0;0;0;0;0;0;0;0;0;0;0;0;0;0;0;0;0;0;0;0;0;0;0;0;0;0;0;124;0;0;0;0;0;0;0;0;0;0;0;0;0;0;0;0;0;0;18;8;0;0;0;0;0;0;0;0;0;0;0;62;"Actinomycetia;Actinomycetales;Actinomycetaceae;Actinomyces;Actinomyces graevenitzii"
0;0;0;0;0;0;0;0;0;0;0;0;0;0;0;0;0;31;0;0;0;0;0;0;0;0;0;0;0;0;0;0;0;0;0;0;0;0;31;0;0;0;0;0;0;0;0;0;0;0;0;0;0;0;0;0;0;0;0;0;0;0;0;0;0;0;0;0;0;0;27;"Actinomycetia;Actinomycetales;Actinomycetaceae;Pauljensenia;"
0;0;0;0;0;0;0;0;0;17;0;0;0;0;0;0;0;0;0;0;0;0;0;0;0;0;0;24;0;0;0;0;0;0;0;0;0;0;0;0;0;0;0;0;0;0;0;0;0;0;0;0;0;0;0;0;0;0;0;0;0;0;0;0;0;0;0;0;0;0;0;"Actinomycetia;Actinomycetales;Actinomycetaceae;Pauljensenia;Pauljensenia odontolytica"
0;0;0;0;0;0;0;0;0;0;0;0;0;0;0;0;0;0;0;0;0;0;0;0;0;0;0;0;0;0;0;0;0;0;0;0;0;0;0;0;0;0;0;0;0;0;0;0;0;0;0;0;0;0;0;0;0;0;0;0;0;0;0;0;0;22;0;10;0;0;0;"Actinomycetia;Actinomycetales;Actinomycetaceae;Pauljensenia;Pauljensenia odontolytica_C"
0;0;0;0;0;0;0;0;0;0;0;0;0;0;0;0;0;0;0;0;0;0;0;0;0;0;0;0;0;0;0;0;0;0;0;0;0;0;0;0;0;0;0;0;0;0;0;0;0;0;0;0;0;0;0;0;0;0;0;0;0;0;0;0;0;20;0;0;0;0;0;"Actinomycetia;Actinomycetales;Actinomycetaceae;Pauljensenia;Pauljensenia pyogenes_A"
0;0;0;0;0;0;0;0;0;0;0;0;0;0;0;0;0;0;0;0;0;0;0;0;0;0;0;0;0;0;0;0;0;0;0;0;0;0;0;0;0;0;0;0;108;0;0;0;0;0;0;0;0;0;0;33;0;0;0;0;0;0;0;0;0;0;0;0;0;0;0;"Actinomycetia;Actinomycetales;Actinomycetaceae;Pauljensenia;Pauljensenia sp000411415"
0;0;0;0;0;0;0;0;0;0;0;0;0;0;0;0;0;0;0;0;0;0;0;0;0;0;0;0;0;0;0;0;0;0;0;0;0;0;0;0;0;0;0;0;0;0;0;0;0;0;0;0;0;0;0;0;0;0;0;0;0;0;0;0;0;80;25;0;0;0;0;"Actinomycetia;Actinomycetales;Actinomycetaceae;Pauljensenia;Pauljensenia sp000466265"
0;0;0;0;0;0;0;0;0;0;0;0;0;0;0;0;0;0;0;0;0;0;0;0;0;0;0;0;0;0;0;0;0;0;0;0;0;0;0;0;0;0;0;0;0;0;0;0;0;0;0;0;0;0;0;0;0;0;0;0;0;0;0;0;0;0;0;0;0;0;7;"Actinomycetia;Actinomycetales;Actinomycetaceae;Peptidiphaga;Peptidiphaga sp000466165"
0;0;0;0;0;0;0;0;0;0;0;0;0;0;0;0;0;0;0;0;0;0;0;0;0;0;0;0;0;0;0;0;0;0;0;0;0;0;0;0;0;0;0;0;19;0;0;0;0;0;0;0;0;0;0;0;0;0;0;0;0;0;0;0;0;0;0;0;0;0;0;"Actinomycetia;Actinomycetales;Actinomycetaceae;Varibaculum;Varibaculum massiliense"
0;0;0;0;0;0;0;0;0;0;0;0;0;0;0;0;0;0;0;0;0;0;0;0;0;0;0;0;0;0;0;0;0;0;0;0;0;0;0;0;0;0;0;0;0;0;0;0;0;0;0;0;0;0;0;0;0;0;0;0;0;6;0;0;0;0;0;0;0;0;0;"Actinomycetia;Actinomycetales;Actinomycetaceae;Winkia;Winkia sp002849225"
0;0;0;0;0;0;0;0;0;0;0;0;0;0;0;0;0;0;0;0;0;0;0;0;0;0;0;0;0;0;0;0;0;0;0;0;0;0;0;0;0;157;0;0;0;0;0;0;0;0;0;0;0;0;0;0;0;0;0;0;0;0;0;0;0;0;0;0;0;0;0;"Actinomycetia;Actinomycetales;Bifidobacteriaceae;Bifidobacterium;Bifidobacterium animalis"
0;0;0;0;0;0;0;0;0;0;0;0;0;0;0;0;0;0;0;0;0;0;0;0;0;0;0;0;0;0;0;0;0;0;0;0;0;0;0;0;0;0;0;0;128;0;0;0;0;0;0;0;0;0;0;0;0;0;0;0;0;806;0;0;0;0;0;0;0;0;0;"Actinomycetia;Actinomycetales;Bifidobacteriaceae;Bifidobacterium;Bifidobacterium breve"
0;0;0;0;0;0;0;0;0;0;0;0;0;0;0;0;0;0;0;0;0;0;0;0;0;0;0;0;0;0;0;0;0;0;0;0;0;0;0;0;0;0;0;0;0;0;0;0;0;0;0;0;0;0;0;0;0;0;0;0;0;0;6;0;0;0;0;0;0;0;0;"Actinomycetia;Actinomycetales;Bifidobacteriaceae;Bifidobacterium;Bifidobacterium longum"
0;0;0;0;0;0;0;0;0;0;0;0;0;0;0;0;0;0;0;0;0;0;0;0;0;0;0;0;0;0;0;0;0;0;0;0;0;0;0;0;0;0;0;0;0;0;0;0;0;0;0;0;0;0;0;169;0;0;0;0;0;0;0;0;0;0;0;0;0;0;0;"Actinomycetia;Actinomycetales;Bifidobacteriaceae;Bifidobacterium;Bifidobacterium vaginale"
0;0;0;0;0;0;0;0;0;0;0;0;0;0;0;0;0;0;0;0;0;0;0;0;0;0;0;0;0;0;0;0;0;0;0;0;0;0;0;0;0;0;0;0;0;0;0;0;0;0;0;0;0;0;0;0;0;0;0;0;0;0;0;0;0;8;0;0;0;0;0;"Actinomycetia;Actinomycetales;Brevibacteriaceae;Brevibacterium;Brevibacterium yomogidense_A"
0;0;0;0;0;0;0;0;0;0;0;0;0;0;0;0;0;0;0;0;0;0;0;0;0;0;0;0;0;0;0;0;0;0;0;0;0;0;0;0;0;0;0;0;0;0;0;0;0;0;0;0;0;0;0;0;0;0;0;0;0;0;0;0;0;0;0;0;0;0;15;"Actinomycetia;Actinomycetales;Cellulomonadaceae;Oerskovia;Oerskovia sp005937995"
0;0;0;0;0;0;0;0;0;0;0;0;0;0;0;0;0;0;0;0;0;0;0;0;0;0;0;0;4;0;0;0;0;0;0;0;0;0;0;0;0;0;0;0;0;0;0;0;0;0;0;0;0;0;0;0;0;0;0;0;0;0;0;0;0;0;0;0;0;0;0;"Actinomycetia;Actinomycetales;Dermabacteraceae;Helcobacillus;Helcobacillus massiliensis"
0;0;0;0;0;0;0;0;0;0;0;0;0;0;0;0;0;0;0;0;0;0;0;0;0;0;0;0;0;0;0;0;0;0;0;0;0;0;0;0;0;0;0;0;0;0;0;0;0;0;0;0;0;0;0;0;0;0;0;0;0;12;0;0;0;0;0;0;0;0;0;"Actinomycetia;Actinomycetales;Dermatophilaceae;Serinicoccus;Serinicoccus flavus"
0;0;0;0;0;0;0;0;0;0;0;0;0;0;0;0;0;0;0;0;0;0;0;0;0;0;0;0;0;0;0;0;0;0;0;0;0;0;0;0;0;0;0;0;0;0;0;0;0;0;0;0;0;0;0;14;0;0;0;0;0;0;0;0;0;0;0;0;0;0;0;"Actinomycetia;Actinomycetales;Microbacteriaceae;Microbacterium;Microbacterium chocolatum"
0;0;0;0;0;0;0;0;0;0;0;0;0;0;0;0;0;20;0;0;0;0;0;0;0;0;0;0;0;0;0;0;0;0;0;0;0;0;0;0;0;0;0;0;0;0;0;0;0;0;0;0;0;0;0;0;0;0;0;0;0;0;0;0;0;0;0;0;0;0;0;"Actinomycetia;Actinomycetales;Microbacteriaceae;Microbacterium;Microbacterium sp016807485"
0;0;0;0;0;0;0;0;0;0;0;0;0;0;0;0;0;0;0;0;0;0;0;0;0;0;0;0;0;0;0;0;0;0;0;0;0;0;0;0;0;0;0;0;0;0;0;0;0;0;0;0;2;0;0;0;0;0;0;0;0;0;0;0;0;0;0;0;0;0;0;"Actinomycetia;Actinomycetales;Micrococcaceae;Citricoccus;Citricoccus terreus"
0;0;0;0;0;0;0;0;0;0;0;0;0;0;0;0;0;0;0;0;0;0;0;0;0;0;0;0;0;0;0;0;0;0;0;0;0;0;0;0;0;0;0;0;0;0;0;0;0;0;0;0;0;0;0;0;0;0;0;0;0;0;0;0;0;0;0;0;0;0;57;"Actinomycetia;Actinomycetales;Micrococcaceae;Kocuria;Kocuria palustris"
0;0;0;0;0;0;0;0;0;0;0;0;0;0;0;0;0;0;0;0;0;0;0;44;0;0;0;0;0;0;0;0;0;0;0;0;0;0;0;0;0;0;0;0;0;0;0;0;0;0;0;0;0;0;0;0;0;0;0;0;0;0;0;0;0;0;0;0;0;0;0;"Actinomycetia;Actinomycetales;Micrococcaceae;Micrococcus;Micrococcus flavus"
0;0;0;0;0;0;0;0;0;0;0;0;0;0;0;0;0;0;0;0;0;0;0;0;0;0;0;0;0;0;0;0;0;0;0;0;0;0;0;0;0;0;0;0;0;0;0;0;0;0;0;0;18;0;0;0;0;0;0;0;0;0;0;0;0;0;0;0;0;0;0;"Actinomycetia;Actinomycetales;Micrococcaceae;Micrococcus;Micrococcus luteus"
0;0;0;0;0;0;0;0;0;0;0;0;0;0;0;0;0;0;0;0;0;0;0;0;0;0;0;0;0;0;0;0;0;0;0;0;0;0;0;0;0;0;0;0;0;0;0;0;0;0;0;0;0;0;0;0;17;0;124;0;0;0;0;0;0;0;0;0;0;0;0;"Actinomycetia;Actinomycetales;Micrococcaceae;Rothia;"
0;0;0;0;0;0;0;0;0;0;0;0;0;0;0;0;0;0;0;0;0;0;0;0;0;0;0;0;0;0;0;0;0;0;0;0;0;0;0;0;0;0;0;0;0;0;0;0;0;0;0;0;0;0;0;0;0;0;0;0;0;21;0;0;0;0;0;0;0;0;0;"Actinomycetia;Actinomycetales;Micrococcaceae;Rothia;Rothia aeria"
0;0;0;0;0;0;0;0;0;0;0;0;0;0;0;0;0;0;0;0;0;0;0;0;0;0;0;0;0;0;0;0;0;0;0;0;0;0;0;0;0;0;0;0;0;0;0;0;0;0;0;0;0;0;6;0;0;0;0;0;0;0;0;0;0;0;0;0;0;0;0;"Actinomycetia;Actinomycetales;Micrococcaceae;Rothia;Rothia kristinae"
0;0;0;0;0;0;0;0;0;0;0;0;0;0;0;0;0;0;0;0;0;0;0;0;0;0;0;0;0;0;0;0;0;0;0;0;0;0;0;0;0;0;0;91;0;0;0;0;0;0;0;0;0;0;0;0;0;0;0;0;0;0;0;0;0;0;0;0;0;0;0;"Actinomycetia;Actinomycetales;Micrococcaceae;Rothia;Rothia mucilaginosa"
0;0;23;0;0;0;0;0;0;0;0;0;0;80;0;0;0;0;0;0;0;0;0;0;0;0;0;0;0;0;0;20;23;0;0;68;0;29;0;0;0;0;0;0;408;0;0;0;0;0;0;0;0;0;0;385;32;73;82;0;0;0;0;0;0;185;244;0;0;0;206;"Actinomycetia;Actinomycetales;Micrococcaceae;Rothia;Rothia mucilaginosa_A"
0;0;0;0;0;0;0;0;0;0;0;0;0;0;0;0;0;0;0;0;0;0;0;0;0;0;0;0;0;0;0;0;0;0;0;0;0;0;0;0;0;0;0;0;0;0;0;0;0;0;0;0;0;0;97;0;0;0;0;0;0;0;0;0;0;0;0;0;0;0;0;"Actinomycetia;Actinomycetales;Micrococcaceae;Rothia;Rothia mucilaginosa_B"
0;0;135;0;0;0;0;0;0;0;0;0;0;0;0;0;160;434;0;0;0;0;0;0;541;0;0;0;0;0;0;0;0;0;0;0;0;0;283;0;0;0;0;0;0;0;0;0;0;0;50;0;61;0;0;0;0;0;0;0;0;0;0;0;0;0;0;0;0;0;0;"Actinomycetia;Actinomycetales;Micrococcaceae;Rothia;Rothia sp902373285"
0;0;0;0;0;0;0;0;0;0;0;0;0;0;0;0;0;0;0;0;0;0;0;0;0;0;0;0;0;0;0;0;0;0;0;0;0;0;0;0;0;0;0;0;0;0;0;0;0;0;0;0;0;0;0;0;0;0;0;0;0;19;0;0;0;0;0;0;0;0;0;"Actinomycetia;Actinomycetales;Micrococcaceae;Specibacter;Specibacter sp016820535"
0;0;0;0;0;0;3;0;0;0;0;0;0;0;0;0;0;0;0;0;0;0;0;0;0;0;0;0;0;0;0;0;0;0;0;0;0;0;0;0;0;0;0;0;0;0;0;0;0;0;0;0;0;0;0;0;0;0;0;0;0;0;0;0;0;0;0;0;0;0;0;"Actinomycetia;Mycobacteriales;Geodermatophilaceae;Blastococcus;"
0;0;0;0;0;83;0;0;0;0;0;0;0;0;27;0;0;0;0;0;0;0;0;75;0;0;0;0;0;0;0;0;120;0;0;0;0;0;0;0;0;0;0;0;0;0;0;0;0;0;0;0;0;0;0;0;0;0;0;0;0;0;0;0;0;0;0;0;19;0;772;"Actinomycetia;Mycobacteriales;Mycobacteriaceae;Corynebacterium;Corynebacterium accolens"
0;0;0;0;0;0;0;0;0;0;0;0;0;0;0;0;0;0;0;0;0;0;0;0;0;0;0;3;0;0;0;0;0;0;0;0;0;0;0;0;0;0;0;0;0;0;0;0;0;0;0;0;0;0;0;0;0;0;0;0;0;0;0;0;0;0;0;0;0;0;0;"Actinomycetia;Mycobacteriales;Mycobacteriaceae;Corynebacterium;Corynebacterium massiliense"
0;0;0;0;0;0;0;0;0;0;0;0;0;0;0;0;0;0;0;0;0;0;0;0;0;0;0;0;0;0;0;0;0;0;0;0;0;0;0;0;0;0;0;0;0;0;0;0;0;0;0;0;0;0;0;0;0;0;0;0;0;41;0;0;0;0;0;0;0;0;0;"Actinomycetia;Mycobacteriales;Mycobacteriaceae;Corynebacterium;Corynebacterium minutissimum_B"
299;29;0;0;1134;0;0;0;0;2549;308;0;446;0;577;148;0;0;514;0;0;576;0;1100;0;0;0;0;0;94;0;2052;3944;0;110;2310;0;9823;0;14;136;358;42;0;2505;29;202;285;1230;10383;421;33;0;0;0;0;1674;6353;4365;157;264;0;4294;0;0;0;0;578;7273;588;0;"Actinomycetia;Mycobacteriales;Mycobacteriaceae;Corynebacterium;Corynebacterium pseudodiphtheriticum"
0;0;0;0;0;0;0;0;0;0;0;0;0;0;0;0;0;0;0;0;0;0;0;0;0;0;0;0;0;0;0;0;0;0;0;0;0;0;0;0;0;0;0;0;0;0;0;0;0;0;0;0;0;0;0;0;573;1081;0;0;0;0;0;206;0;426;0;0;0;0;0;"Actinomycetia;Mycobacteriales;Mycobacteriaceae;Corynebacterium;Corynebacterium sp000478175"
0;0;0;0;0;0;0;0;0;0;0;0;0;0;14;0;0;0;0;0;0;0;0;0;0;0;0;0;0;0;0;0;0;0;0;0;0;0;0;0;0;0;0;0;0;0;0;0;0;0;0;0;0;0;0;0;0;0;0;0;0;0;0;0;0;0;0;0;0;0;0;"Actinomycetia;Mycobacteriales;Mycobacteriaceae;Rhodococcus;Rhodococcus qingshengii"
0;0;0;0;0;0;0;0;0;0;0;0;0;0;0;0;0;0;0;0;0;0;0;0;0;0;0;0;0;0;0;0;0;0;0;0;0;0;0;0;0;0;0;0;0;0;0;0;0;0;0;0;0;0;10;0;0;0;0;0;0;0;0;0;0;0;0;0;0;0;0;"Actinomycetia;Propionibacteriales;Nocardioidaceae;Nocardioides;Nocardioides euryhalodurans"
0;0;0;0;72;53;0;0;0;156;0;0;0;0;0;0;0;0;0;0;0;0;0;0;9;0;14;191;107;0;0;0;0;0;0;0;0;0;95;0;0;0;0;9;29;0;0;0;0;0;31;0;0;0;161;388;0;10;207;0;0;263;0;0;0;45;301;0;29;0;1504;"Actinomycetia;Propionibacteriales;Propionibacteriaceae;Cutibacterium;Cutibacterium acnes"
0;0;0;0;0;0;0;0;0;0;0;0;0;0;42;0;0;0;0;0;0;0;0;0;0;0;0;0;0;0;0;0;0;0;0;0;0;0;0;0;0;0;0;0;0;0;0;0;0;0;0;0;0;0;0;0;0;0;0;0;0;0;0;0;0;0;0;0;0;0;0;"Alphaproteobacteria;Acetobacterales;Acetobacteraceae;;"
0;0;0;0;0;0;0;0;0;0;0;0;0;0;0;0;0;0;0;0;0;0;0;0;0;0;0;0;0;0;0;0;0;0;0;21;0;0;0;0;0;0;0;0;0;0;0;0;0;0;0;0;0;0;0;0;0;0;0;0;0;0;0;0;0;0;0;0;0;0;0;"Alphaproteobacteria;Acetobacterales;Acetobacteraceae;Belnapia;Belnapia sp902805545"
0;0;0;0;0;0;0;0;0;0;0;0;0;0;0;0;0;0;0;0;0;0;0;32;0;0;0;0;0;0;0;0;0;0;0;0;0;0;0;0;0;0;0;0;0;0;0;0;0;0;0;0;0;0;0;0;0;0;0;0;0;0;0;0;0;0;0;0;0;0;0;"Alphaproteobacteria;Acetobacterales;Acetobacteraceae;Elioraea_A;Elioraea_A rosea"
0;0;0;0;0;0;0;0;0;4;0;0;0;0;0;0;0;0;0;0;0;0;0;0;0;0;0;0;0;0;0;0;0;0;0;0;0;0;0;0;0;0;0;0;0;0;0;0;0;0;0;0;0;0;0;0;0;0;0;0;0;0;0;0;0;0;0;0;0;0;0;"Alphaproteobacteria;Acetobacterales;Acetobacteraceae;Roseomonas;Roseomonas sp017355405"
0;0;0;0;0;0;0;0;0;0;0;0;0;0;0;0;0;0;0;0;0;0;0;0;0;0;0;0;0;0;0;0;0;0;0;0;0;0;0;0;0;0;0;0;0;0;0;0;0;0;0;0;0;0;0;0;0;0;0;0;0;0;0;0;0;0;10;0;0;0;0;"Alphaproteobacteria;Azospirillales;Azospirillaceae;Skermanella;Skermanella rosea"
0;0;0;0;0;0;0;0;0;0;0;0;0;0;0;0;0;0;0;0;0;0;0;0;0;0;0;0;0;0;0;0;0;0;0;0;0;0;0;0;0;0;0;0;0;0;0;0;0;0;0;0;0;0;0;20;0;0;0;0;0;0;0;0;0;0;0;0;0;0;0;"Alphaproteobacteria;Caulobacterales;Caulobacteraceae;;"
0;0;0;0;0;0;0;0;0;0;0;0;0;0;12;0;0;10;0;0;0;0;0;0;0;0;0;0;0;0;0;0;0;0;0;0;0;0;0;0;0;0;0;0;0;0;0;0;0;11;0;0;0;0;0;0;0;0;0;0;0;0;0;42;0;44;0;0;0;0;0;"Alphaproteobacteria;Caulobacterales;Caulobacteraceae;Brevundimonas;"
0;0;0;0;0;0;0;0;0;0;0;0;0;0;0;0;0;0;0;0;0;0;0;0;0;0;0;0;0;0;0;0;0;0;0;0;0;0;0;0;0;0;0;0;0;0;0;0;0;0;0;0;0;0;0;0;0;0;0;0;0;0;0;0;0;0;0;0;11;0;0;"Alphaproteobacteria;Caulobacterales;Caulobacteraceae;Brevundimonas;Brevundimonas diminuta_A"
0;0;0;0;0;0;0;0;0;0;0;0;0;0;0;0;0;0;0;0;0;0;0;93;0;0;0;0;0;0;0;0;0;0;0;0;0;0;0;0;0;0;0;0;0;0;0;0;0;0;0;0;0;0;0;0;0;0;0;0;0;0;0;0;0;0;0;0;0;0;0;"Alphaproteobacteria;Caulobacterales;Caulobacteraceae;Brevundimonas;Brevundimonas sp000335735"
0;0;0;0;0;0;0;0;0;0;0;0;0;0;0;0;0;0;0;0;0;0;0;42;0;0;0;0;0;0;0;0;0;0;0;0;0;0;0;0;0;0;0;0;0;0;0;0;0;0;0;0;0;0;0;0;0;0;0;0;0;0;0;0;0;0;0;0;0;0;0;"Alphaproteobacteria;Caulobacterales;Caulobacteraceae;Phenylobacterium;Phenylobacterium sp002256425"
0;0;10;0;0;0;0;0;0;0;0;0;0;0;0;0;0;0;0;0;0;0;0;0;0;0;0;0;0;0;0;0;0;0;0;0;0;0;0;0;0;0;0;0;0;0;0;0;0;0;0;0;0;0;0;0;0;0;0;0;0;0;0;0;0;0;0;0;0;0;0;"Alphaproteobacteria;Geminicoccales;Geminicoccaceae;Geminicoccus;Geminicoccus roseus"
0;0;0;0;0;0;0;0;0;0;0;0;0;0;0;0;0;0;0;0;0;0;0;0;0;0;0;0;0;0;0;0;0;0;0;0;0;0;0;0;0;0;0;0;42;0;0;0;0;5;0;0;0;0;0;0;0;0;0;0;0;13;0;0;0;0;0;0;0;0;0;"Alphaproteobacteria;Reyranellales;Reyranellaceae;Reyranella;Reyranella sp016467395"
0;0;0;0;0;0;0;0;0;0;0;0;0;0;0;0;0;0;0;0;0;0;0;0;0;0;0;0;0;0;0;0;0;0;0;0;0;0;0;0;0;0;0;0;0;0;0;0;0;0;8;0;0;0;8;0;49;42;0;0;0;0;0;4;0;0;0;0;0;0;0;"Alphaproteobacteria;Rhizobiales_A;Rhizobiaceae_A;Pseudochrobactrum;Pseudochrobactrum asaccharolyticum"
0;0;0;0;0;0;0;0;0;0;0;0;0;0;0;0;0;0;0;0;0;0;0;0;0;0;0;0;0;0;0;0;0;0;0;0;0;5;0;0;0;0;0;0;0;0;0;0;0;0;0;0;0;0;0;0;0;0;0;0;0;0;0;0;0;0;0;0;0;0;0;"Alphaproteobacteria;Rhizobiales;Beijerinckiaceae;Bosea;Bosea sp900112185"
0;0;0;0;0;0;0;0;0;4;0;0;0;0;0;0;0;0;0;0;0;0;0;0;0;0;0;0;0;0;0;0;0;0;0;0;0;0;0;0;0;0;0;0;23;0;0;0;0;0;0;0;0;0;0;0;0;0;0;0;0;0;0;0;0;0;0;0;0;0;0;"Alphaproteobacteria;Rhizobiales;Beijerinckiaceae;Enterovirga;Enterovirga sp013044135"
0;0;0;0;0;0;0;0;0;0;0;0;0;0;0;0;0;40;0;0;0;0;0;0;0;0;0;0;0;0;0;0;0;0;0;0;0;0;0;0;0;0;0;0;0;0;0;0;0;0;0;0;0;0;0;0;0;0;0;0;0;0;0;0;0;0;0;0;0;0;0;"Alphaproteobacteria;Rhizobiales;Beijerinckiaceae;Methylobacterium;Methylobacterium organophilum"
0;0;0;0;0;0;0;0;0;0;0;0;0;0;0;0;0;0;0;0;0;0;0;0;0;0;0;0;0;0;0;0;0;0;0;0;0;0;0;0;0;0;0;0;0;0;0;0;0;0;0;0;0;0;0;0;0;0;0;0;0;0;0;0;0;0;0;0;0;0;3;"Alphaproteobacteria;Rhizobiales;Beijerinckiaceae;Methylobacterium;Methylobacterium rhodesianum"
0;0;0;0;0;0;0;0;0;14;0;0;0;0;0;0;0;0;0;0;0;0;0;0;0;0;0;0;0;0;0;0;0;0;0;0;0;0;0;0;0;0;0;0;0;0;0;0;0;0;0;0;0;0;0;0;0;0;0;0;0;0;0;0;0;0;0;0;0;0;0;"Alphaproteobacteria;Rhizobiales;Beijerinckiaceae;Methylobacterium;Methylobacterium sp900112625"
0;0;0;0;0;0;0;0;0;0;0;0;0;0;0;0;0;0;0;0;0;0;0;0;0;0;0;0;0;0;0;0;0;0;0;0;0;0;0;0;0;0;0;0;0;0;0;0;0;0;0;0;0;0;0;0;0;0;0;0;0;0;0;0;0;0;5;0;0;0;0;"Alphaproteobacteria;Rhizobiales;Beijerinckiaceae;Microvirga;Microvirga sp018069605"
0;0;0;0;0;0;0;0;0;0;0;0;0;0;0;0;0;0;0;0;0;0;0;0;0;0;0;0;0;0;0;0;0;0;0;0;0;0;0;0;0;0;0;0;14;0;0;0;0;0;0;0;0;0;0;0;0;0;0;0;0;0;0;0;0;0;0;0;0;0;0;"Alphaproteobacteria;Rhizobiales;Rhizobiaceae;;"
0;0;0;0;0;0;0;0;0;0;0;0;0;0;0;0;0;0;0;0;0;0;0;0;0;0;0;0;0;0;0;0;0;0;0;0;0;0;0;0;0;0;0;0;0;0;0;0;0;0;0;0;0;0;0;0;0;0;0;0;0;0;0;0;0;0;0;0;25;0;0;"Alphaproteobacteria;Rhizobiales;Rhizobiaceae;Agrobacterium;"
0;0;0;0;0;0;0;0;0;0;0;0;0;0;0;0;0;0;0;0;0;0;0;0;0;0;0;0;0;0;0;0;0;0;0;0;0;0;0;0;0;0;0;0;0;0;0;0;0;0;14;0;0;0;0;0;0;0;0;0;0;0;0;0;0;0;0;0;0;0;0;"Alphaproteobacteria;Rhizobiales;Rhizobiaceae;Agrobacterium;Agrobacterium larrymoorei"
0;0;0;0;0;0;0;0;0;0;0;0;0;0;0;0;0;0;0;0;0;0;0;15;0;0;0;0;0;0;0;0;0;0;0;0;0;0;0;0;0;0;0;0;0;0;0;0;0;0;0;0;0;0;0;0;0;0;0;0;0;0;0;0;0;0;0;0;0;0;0;"Alphaproteobacteria;Rhizobiales;Rhizobiaceae;Allorhizobium;Allorhizobium sp002855515"
433;18;34;0;0;96;0;0;0;17;0;0;0;0;0;0;0;106;126;0;0;146;351;0;0;0;0;0;0;0;0;0;7;0;0;79;0;0;0;0;0;0;0;0;18;0;0;0;0;0;0;0;0;877;0;9;0;0;0;0;0;0;0;0;0;0;0;0;0;0;1548;"Alphaproteobacteria;Rhizobiales;Rhizobiaceae;Aureimonas_A;Aureimonas_A sp001425485"
0;0;0;0;0;0;0;0;0;14;0;0;0;0;0;0;0;0;0;0;0;0;0;0;0;0;0;0;0;0;0;0;0;0;0;0;0;0;0;0;0;0;0;0;0;0;0;0;0;0;0;0;0;0;0;0;0;0;0;0;0;0;0;0;0;0;0;0;0;0;0;"Alphaproteobacteria;Rhizobiales;Rhizobiaceae;Aureimonas;Aureimonas altamirensis"
0;0;0;0;0;0;0;0;0;0;0;0;0;0;0;0;0;0;0;0;0;0;0;0;0;0;0;0;0;0;0;0;0;0;0;0;0;0;0;0;0;0;0;0;0;0;0;0;0;0;0;0;0;0;0;0;0;0;0;0;0;0;0;0;0;47;0;0;0;0;0;"Alphaproteobacteria;Rhizobiales;Rhizobiaceae;Corticibacterium;Corticibacterium populi"
0;0;0;0;0;0;0;0;0;0;0;0;0;0;0;0;0;0;0;0;0;0;0;25;0;0;0;0;0;0;0;0;0;0;0;0;0;0;0;0;0;0;0;0;0;0;0;0;0;0;0;0;0;0;0;0;0;0;0;0;0;0;0;0;0;0;0;0;0;0;0;"Alphaproteobacteria;Rhizobiales;Rhizobiaceae;VTOM01;VTOM01 sp009765365"
0;0;0;0;0;0;0;0;0;0;0;0;0;0;0;0;0;0;0;0;0;0;0;0;0;0;0;0;0;0;0;0;0;0;0;0;0;0;0;0;0;0;0;0;0;0;0;0;0;0;0;0;0;0;0;0;0;0;0;0;0;0;0;32;0;0;0;0;0;0;0;"Alphaproteobacteria;Rhizobiales;Xanthobacteraceae;Bradyrhizobium;"
0;0;0;0;0;0;0;0;0;0;0;0;0;0;0;0;0;0;0;0;0;0;0;0;0;0;0;0;0;0;0;0;0;0;0;0;0;0;0;0;0;0;0;0;0;0;0;0;0;0;0;0;0;0;53;0;0;0;0;0;0;0;0;0;0;0;0;0;0;0;0;"Alphaproteobacteria;Rhizobiales;Xanthobacteraceae;Bradyrhizobium;Bradyrhizobium denitrificans"
0;0;0;0;0;0;0;0;0;0;0;0;0;0;0;0;0;0;0;0;0;0;0;0;0;0;0;0;0;0;0;0;0;0;0;0;0;0;0;0;0;0;0;0;0;0;0;0;0;0;22;0;0;0;0;0;0;0;0;0;0;0;0;0;0;0;0;0;0;0;0;"Alphaproteobacteria;Rhizobiales;Xanthobacteraceae;Bradyrhizobium;Bradyrhizobium manausense_A"
0;0;0;0;0;0;0;0;0;0;0;0;0;0;22;0;0;0;0;0;0;0;0;0;0;0;0;0;0;0;0;0;0;0;0;0;0;0;0;0;0;0;0;0;0;0;0;0;0;0;0;0;0;0;0;0;0;0;0;0;0;0;0;0;0;0;0;0;0;0;0;"Alphaproteobacteria;Rhizobiales;Xanthobacteraceae;Pseudorhodoplanes;Pseudorhodoplanes sinuspersici"
0;0;0;0;0;0;0;0;0;0;0;0;0;0;11;0;0;0;0;0;0;0;0;0;0;0;0;0;0;0;0;0;0;0;0;0;0;0;0;0;0;0;0;0;0;0;0;0;0;0;0;0;0;0;0;0;0;0;0;0;0;0;0;0;0;0;0;0;0;0;0;"Alphaproteobacteria;Rhizobiales;Xanthobacteraceae;Xanthobacter;"
0;0;0;0;0;0;0;0;0;0;0;0;0;0;0;0;0;9;0;0;0;0;0;0;0;0;0;0;0;0;0;0;0;0;0;0;0;0;0;0;0;0;0;0;0;0;0;0;0;0;0;0;0;0;0;0;0;0;0;0;0;0;0;0;0;0;0;0;0;0;0;"Alphaproteobacteria;Rhodobacterales;Rhodobacteraceae;Amaricoccus;Amaricoccus sp003258405"
0;0;48;0;0;0;0;0;0;0;0;0;0;0;0;0;0;0;0;0;0;0;0;0;0;0;0;0;0;0;0;0;0;0;0;0;0;0;0;0;0;0;0;0;0;0;0;0;0;0;0;0;0;0;0;0;0;0;0;0;0;0;0;0;0;0;0;0;0;0;0;"Alphaproteobacteria;Rhodobacterales;Rhodobacteraceae;Haematobacter;Haematobacter missouriensis"
0;0;1470;0;0;0;0;0;0;0;0;0;0;0;0;0;0;0;0;0;0;0;0;0;0;0;0;0;0;0;0;0;0;0;0;0;0;0;0;0;0;0;0;0;0;0;0;0;0;0;0;0;0;0;0;0;0;0;0;0;0;0;0;0;0;0;0;0;0;0;0;"Alphaproteobacteria;Rhodobacterales;Rhodobacteraceae;Paracoccus;"
0;0;56;0;0;0;0;0;0;0;0;0;0;0;0;0;0;0;0;0;0;0;0;0;0;0;0;0;0;0;0;0;0;0;0;0;0;0;0;0;0;0;0;0;0;0;0;0;0;0;0;0;0;0;0;0;0;0;0;0;0;0;0;0;0;0;0;0;0;0;0;"Alphaproteobacteria;Rhodobacterales;Rhodobacteraceae;Paracoccus;Paracoccus acridae"
0;0;0;0;0;0;0;0;0;0;0;0;0;0;0;0;0;0;0;0;0;0;0;0;0;0;0;0;0;0;0;0;0;0;0;0;0;0;0;0;0;0;0;0;0;0;0;0;0;13;0;0;0;0;0;0;0;35;0;0;0;0;0;0;0;0;0;0;0;0;0;"Alphaproteobacteria;Rhodobacterales;Rhodobacteraceae;Paracoccus;Paracoccus aeridis"
0;0;0;0;0;0;0;0;0;0;0;0;0;0;0;0;0;53;0;0;0;5;0;0;0;0;0;0;0;0;0;0;0;0;0;0;0;82;10;0;0;0;0;0;0;0;0;0;0;25;0;0;0;0;0;0;0;0;0;0;0;0;0;0;0;0;0;0;0;0;111;"Alphaproteobacteria;Rhodobacterales;Rhodobacteraceae;Paracoccus;Paracoccus aerius"
0;0;0;0;0;0;0;0;0;0;0;0;0;0;0;0;0;0;0;0;0;0;0;0;0;0;0;0;0;0;0;0;0;0;0;0;0;198;0;0;0;0;0;0;0;0;0;0;0;0;0;0;0;0;0;0;0;0;0;0;0;0;0;14;0;6;0;0;0;0;0;"Alphaproteobacteria;Rhodobacterales;Rhodobacteraceae;Paracoccus;Paracoccus marcusii"
0;0;0;0;0;0;0;0;0;119;0;0;0;0;835;0;0;0;0;0;0;0;0;0;0;0;0;0;0;0;0;0;0;0;0;0;0;0;0;0;0;0;0;0;0;0;0;0;0;0;0;0;0;0;0;0;0;0;0;0;0;0;0;0;0;0;0;0;0;0;0;"Alphaproteobacteria;Rhodobacterales;Rhodobacteraceae;Paracoccus;Paracoccus mutanolyticus"
0;0;0;0;0;0;0;0;0;0;0;0;0;0;0;0;0;0;0;0;0;0;0;0;0;0;0;0;0;0;0;0;0;0;0;6;0;0;0;0;0;0;0;0;0;0;0;0;0;15;0;0;0;0;0;0;36;14;0;0;0;0;0;0;0;0;0;0;0;0;0;"Alphaproteobacteria;Rhodobacterales;Rhodobacteraceae;Paracoccus;Paracoccus salipaludis"
0;0;0;0;0;0;0;0;0;0;0;0;0;0;0;0;0;0;0;0;0;0;0;0;0;0;0;0;0;0;0;0;0;0;0;0;0;52;0;0;0;0;0;0;0;0;0;0;0;0;0;0;0;0;0;0;0;0;0;0;0;0;0;0;0;0;0;0;0;0;0;"Alphaproteobacteria;Rhodobacterales;Rhodobacteraceae;Paracoccus;Paracoccus sanguinis"
0;0;19;0;0;0;0;0;0;0;0;0;0;0;0;0;0;0;0;0;0;0;0;0;0;0;0;0;0;0;0;0;0;0;0;0;0;0;0;0;0;0;0;0;0;0;0;0;0;0;0;0;0;0;0;0;0;0;0;0;0;0;0;0;0;0;0;0;0;0;0;"Alphaproteobacteria;Rhodobacterales;Rhodobacteraceae;Paracoccus;Paracoccus sp002732665"
0;0;0;0;0;0;0;0;0;0;0;0;0;0;0;0;0;0;0;0;0;0;0;0;0;0;0;0;0;0;0;0;0;0;0;0;0;0;0;0;0;0;0;0;0;0;0;0;0;0;0;0;0;0;0;0;0;0;0;0;0;0;0;0;0;0;427;0;0;0;43;"Alphaproteobacteria;Rhodobacterales;Rhodobacteraceae;Paracoccus;Paracoccus sp017315735"
0;0;0;0;0;0;0;0;0;0;0;0;0;0;197;0;0;0;0;0;0;0;0;0;0;0;0;0;0;0;0;0;0;0;0;0;0;0;0;0;0;0;0;0;0;0;0;0;0;0;0;0;0;0;0;0;0;0;0;0;0;0;0;0;0;0;0;0;0;0;0;"Alphaproteobacteria;Rhodobacterales;Rhodobacteraceae;Tabrizicola;"
0;0;0;0;0;0;0;0;0;0;0;0;0;0;0;0;0;0;0;0;0;0;0;0;0;0;0;0;0;0;0;0;0;0;0;0;0;0;0;0;0;0;0;0;0;0;0;0;0;0;0;0;0;0;0;0;0;0;0;0;0;0;0;0;0;16;0;0;0;0;0;"Alphaproteobacteria;Sphingomonadales;Sphingomonadaceae;;"
0;0;0;0;0;0;0;0;0;0;0;0;0;0;0;0;0;0;0;0;0;0;0;0;0;0;0;0;0;0;0;0;0;0;0;0;0;0;0;0;0;0;0;0;0;0;0;0;0;0;0;0;0;0;0;0;0;0;0;0;0;0;0;0;0;0;0;0;0;0;8;"Alphaproteobacteria;Sphingomonadales;Sphingomonadaceae;Sphingomicrobium;"
0;0;4;0;0;0;0;0;0;0;0;0;0;0;0;0;0;0;0;0;0;0;0;0;0;0;0;0;0;0;0;0;0;0;0;0;0;0;0;0;0;0;0;0;0;0;0;0;0;0;0;0;0;0;0;0;0;0;0;0;0;0;0;0;0;0;0;0;0;0;0;"Alphaproteobacteria;Sphingomonadales;Sphingomonadaceae;Sphingomicrobium;Sphingomicrobium sp016924655"
0;0;0;0;0;0;0;0;0;0;0;0;0;0;0;0;0;0;0;0;0;0;0;0;0;0;0;0;0;0;0;0;0;0;0;0;0;0;0;0;0;0;0;0;0;0;0;0;0;0;0;0;0;0;0;0;2;0;0;0;0;0;0;0;0;12;0;0;0;0;0;"Alphaproteobacteria;Sphingomonadales;Sphingomonadaceae;Sphingomonas;"
0;0;0;0;0;0;0;0;0;0;0;0;0;0;0;0;0;0;0;0;0;0;0;0;0;0;0;0;0;0;0;0;0;0;0;0;0;0;0;0;0;0;0;0;0;0;0;0;0;0;0;0;0;0;0;0;0;0;0;0;0;9;0;0;0;0;0;0;0;0;0;"Alphaproteobacteria;Sphingomonadales;Sphingomonadaceae;Sphingomonas;Sphingomonas dokdonensis"
0;0;0;0;0;0;0;0;0;0;0;0;0;0;0;0;0;0;0;0;0;0;0;0;0;0;0;4;0;0;0;0;0;0;0;0;0;0;0;0;0;0;0;0;0;0;0;0;0;0;0;0;0;0;0;0;0;0;0;0;0;0;0;0;0;0;0;0;0;0;0;"Alphaproteobacteria;Sphingomonadales;Sphingomonadaceae;Sphingomonas;Sphingomonas paucimobilis"
0;0;0;0;0;0;0;0;0;0;0;0;0;0;0;0;0;0;0;0;0;0;0;0;0;0;0;0;0;0;0;0;0;0;0;0;0;0;0;0;0;0;0;0;0;0;0;0;0;0;0;0;0;0;0;0;0;16;0;0;0;0;0;0;0;0;0;0;0;0;0;"Alphaproteobacteria;Sphingomonadales;Sphingomonadaceae;Sphingomonas;Sphingomonas sp000797515"
0;0;0;0;0;0;0;0;0;0;0;0;0;0;0;0;0;0;0;0;0;0;0;0;0;0;0;0;0;0;0;0;0;0;0;0;0;0;0;0;0;0;0;0;0;0;0;0;0;0;0;0;0;0;0;0;0;0;0;0;0;0;0;0;0;0;13;0;0;0;0;"Alphaproteobacteria;Sphingomonadales;Sphingomonadaceae;Sphingomonas;Sphingomonas sp004341505"
0;0;0;0;0;0;0;0;0;0;0;0;0;0;0;0;0;0;0;0;0;0;0;0;0;0;0;0;0;0;0;0;0;0;0;0;0;0;0;0;0;0;0;0;21;0;0;0;0;0;0;0;0;0;0;0;0;0;0;0;0;0;0;0;0;0;0;0;0;0;0;"Alphaproteobacteria;Sphingomonadales;Sphingomonadaceae;Sphingomonas;Sphingomonas sp900109205"
0;0;0;0;0;0;0;0;0;0;0;0;0;0;0;0;0;0;0;0;0;0;0;0;0;0;0;0;0;0;0;0;0;0;0;0;0;0;0;0;0;0;0;0;18;0;0;0;0;0;0;0;0;0;0;0;0;0;0;0;0;0;0;0;0;0;0;0;0;0;0;"Alphaproteobacteria;Sphingomonadales;Sphingomonadaceae;Tsuneonella;Tsuneonella rigui"
0;4642;0;0;0;9415;0;904;0;0;0;0;0;0;0;0;1436;0;0;0;0;0;0;0;0;0;0;5244;0;0;0;0;0;0;4099;0;0;0;674;0;0;0;0;0;0;0;3925;0;0;0;1106;0;6095;0;516;1772;99;0;0;0;0;0;0;0;3559;45;0;0;0;0;0;"Bacilli;;;;"
0;0;0;0;0;0;5;0;0;0;0;0;0;0;0;0;0;0;0;0;0;0;0;0;0;0;0;0;0;0;0;0;0;0;0;0;0;0;0;0;0;0;0;0;0;0;0;0;0;0;0;0;0;0;0;0;0;0;0;0;0;0;0;0;0;0;0;0;0;0;0;"Bacilli;Bacillales_A;Planococcaceae;Planococcus;Planococcus chinensis"
0;0;0;0;0;0;0;0;0;0;0;0;0;0;0;0;0;0;0;0;0;0;0;0;0;0;0;0;0;0;0;0;0;0;0;0;0;0;0;0;0;0;0;0;17;0;0;0;0;0;0;0;0;0;0;0;0;0;0;0;0;0;0;0;0;0;0;0;0;0;0;"Bacilli;Bacillales_B;DSM-18226;Neobacillus;Neobacillus salipaludis"
0;0;0;0;0;0;0;0;0;0;0;0;0;0;0;0;0;0;0;0;0;0;0;0;0;0;0;0;0;0;0;0;0;0;0;0;0;0;0;0;0;0;0;0;0;0;0;0;0;0;0;0;0;0;0;0;0;0;0;0;0;0;0;0;0;0;0;0;0;0;0;"Bacilli;Bacillales;Bacillaceae;Bacillus;"
0;0;0;0;0;0;0;0;0;0;0;0;0;0;0;0;0;0;0;0;0;0;0;0;0;0;0;0;0;0;0;0;0;0;0;0;0;0;0;0;0;0;0;0;5;0;0;0;0;0;0;0;0;0;0;0;0;0;0;0;0;0;0;0;0;0;0;0;0;0;0;"Bacilli;Erysipelotrichales;Coprobacillaceae;Erysipelatoclostridium;Erysipelatoclostridium ramosum"
0;0;0;0;0;0;0;0;0;0;0;0;0;0;0;0;0;0;0;0;0;0;0;0;0;0;0;0;0;0;0;0;0;0;0;0;0;0;0;0;0;0;0;0;0;0;0;0;0;0;0;0;0;0;0;0;0;0;0;0;0;0;0;0;0;0;0;0;0;0;75;"Bacilli;Exiguobacterales;Exiguobacteraceae;Exiguobacterium;"
0;0;0;0;0;0;0;0;0;0;0;0;0;0;0;0;0;0;0;0;0;0;0;0;0;0;0;0;0;0;0;0;0;0;0;0;0;0;0;0;0;0;0;0;0;0;0;0;0;0;0;0;0;0;0;0;0;0;0;0;0;0;0;0;0;0;0;0;0;0;290;"Bacilli;Exiguobacterales;Exiguobacteraceae;Exiguobacterium;Exiguobacterium profundum_A"
0;0;0;0;0;0;0;0;0;5;0;0;0;0;0;0;0;0;0;0;0;0;0;0;0;0;0;0;0;0;0;0;0;0;0;0;0;0;0;0;0;0;0;0;0;0;0;0;0;0;0;0;0;0;0;0;0;0;0;0;0;0;0;0;0;0;0;0;0;0;0;"Bacilli;Exiguobacterales;Exiguobacteraceae;Exiguobacterium;Exiguobacterium sp018618415"
0;0;0;0;0;0;0;0;0;0;0;0;0;0;0;0;0;0;0;0;0;0;0;0;0;0;0;0;0;0;0;0;0;0;0;0;0;0;0;0;0;0;0;0;0;0;0;0;0;0;0;0;0;0;0;0;0;0;35;0;0;0;0;0;0;0;0;0;0;0;0;"Bacilli;Lactobacillales;Aerococcaceae;Abiotrophia;Abiotrophia defectiva"
0;0;0;0;0;0;0;0;0;0;0;0;0;0;0;0;0;0;0;0;0;0;0;0;0;0;0;0;0;0;0;0;0;0;0;0;0;0;0;0;0;0;0;0;0;0;0;0;0;0;0;0;0;0;0;0;0;15;0;0;0;0;0;0;0;0;0;0;0;0;0;"Bacilli;Lactobacillales;Aerococcaceae;Abiotrophia;Abiotrophia sp001815865"
0;0;0;0;0;0;0;0;0;0;0;0;0;0;0;0;0;0;0;0;0;0;0;0;0;0;0;0;0;0;0;0;0;0;0;333;0;0;0;0;0;0;0;0;0;0;0;0;0;0;0;0;0;0;0;0;0;0;0;0;0;0;0;0;0;0;0;0;0;0;0;"Bacilli;Lactobacillales;Aerococcaceae;Aerococcus;"
0;0;0;0;0;0;0;0;0;0;0;0;0;0;0;0;0;0;0;0;0;0;0;0;0;0;0;0;20;0;0;0;0;0;0;0;0;0;0;0;0;0;0;0;0;0;0;0;0;0;0;0;0;0;0;0;0;0;0;0;0;0;0;0;0;0;0;0;0;0;0;"Bacilli;Lactobacillales;Aerococcaceae;Facklamia;Facklamia languida"
104;0;0;0;0;16;0;0;0;540;0;0;0;0;0;0;517;417;0;0;0;0;266;38;0;0;267;0;0;0;0;0;0;0;0;170;0;39;0;0;0;0;0;2587;0;0;0;0;55;27;0;0;0;0;0;0;1296;781;0;0;0;0;29;19;0;0;926;0;0;389;295;"Bacilli;Lactobacillales;Aerococcaceae;Granulicatella;Granulicatella elegans"
0;0;385;0;41;0;0;0;0;96;0;0;0;82;11;0;0;24;0;0;0;0;0;113;0;0;89;143;300;0;0;112;345;0;0;1010;0;0;0;0;0;0;0;753;964;0;0;0;0;18;0;0;0;0;0;0;0;190;0;0;0;0;0;0;0;3614;664;49;0;0;641;"Bacilli;Lactobacillales;Aerococcaceae;Granulicatella;Granulicatella sp001058355"
0;0;0;0;0;0;0;0;0;0;0;0;0;0;0;0;0;0;0;0;0;0;0;0;0;0;0;0;108;0;0;0;0;0;0;0;0;0;0;0;0;0;0;0;0;0;0;0;0;0;0;0;0;0;0;0;0;0;0;0;0;0;0;0;0;0;0;0;0;0;0;"Bacilli;Lactobacillales;Carnobacteriaceae;Carnobacterium;Carnobacterium maltaromaticum"
121;145;0;0;0;0;0;0;0;123;0;0;484;0;27;108;0;0;341;0;74;0;0;176;0;0;0;0;0;0;0;1054;91;0;0;783;0;4011;0;0;40;0;0;0;223;0;0;173;37;4774;113;0;0;0;0;0;354;587;885;0;0;0;699;0;0;0;0;0;467;0;0;"Bacilli;Lactobacillales;Carnobacteriaceae;Dolosigranulum;Dolosigranulum pigrum"
0;0;0;0;0;0;0;0;0;0;0;0;0;0;0;0;0;0;0;0;0;0;0;0;0;0;0;0;0;0;0;0;0;0;0;0;0;0;0;0;0;0;0;0;0;0;0;0;0;0;14;0;0;0;0;0;0;0;0;0;0;54;0;0;0;0;0;0;0;0;0;"Bacilli;Lactobacillales;Enterococcaceae;Enterococcus;Enterococcus faecalis"
0;0;0;0;0;0;0;0;0;0;0;0;0;0;0;0;0;0;0;0;0;0;0;0;0;0;0;0;0;0;0;0;0;0;0;54;0;0;0;0;0;0;0;0;0;0;0;0;0;0;0;0;0;4175;0;0;0;0;0;0;0;0;0;0;0;0;0;0;0;0;0;"Bacilli;Lactobacillales;Lactobacillaceae;Lactobacillus;"
0;0;0;0;271;0;0;0;0;0;0;0;0;0;0;0;0;0;0;0;0;0;0;0;0;0;0;0;0;0;0;0;0;0;0;0;0;0;0;0;0;0;0;0;16;0;0;0;0;0;0;0;0;0;0;0;0;0;0;0;0;0;0;0;0;0;0;0;0;0;0;"Bacilli;Lactobacillales;Lactobacillaceae;Leuconostoc;Leuconostoc carnosum"
0;0;0;0;0;12;0;0;0;0;0;0;0;0;0;0;0;0;0;0;0;0;0;0;0;0;0;0;0;0;0;0;0;0;0;0;0;0;0;0;0;0;0;0;0;0;0;0;0;0;0;0;0;0;0;0;0;0;0;0;0;0;0;0;0;0;0;0;0;0;0;"Bacilli;Lactobacillales;Lactobacillaceae;Leuconostoc;Leuconostoc citreum"
0;0;0;0;0;0;0;0;0;0;0;0;0;0;0;0;0;10;0;0;0;0;0;0;0;0;0;0;0;0;0;0;0;0;0;0;0;0;0;0;0;0;0;0;0;0;0;0;0;0;0;0;0;0;0;0;0;0;0;0;0;0;0;0;0;0;0;0;0;0;0;"Bacilli;Lactobacillales;Lactobacillaceae;Leuconostoc;Leuconostoc gelidum"
0;0;0;0;0;0;0;0;0;0;0;0;0;0;0;0;0;0;0;0;0;0;0;0;0;0;0;0;0;0;0;0;0;0;0;0;0;0;0;0;0;0;0;0;0;0;0;0;0;0;0;0;0;0;0;0;0;0;0;0;0;0;0;0;0;0;0;0;0;0;0;"Bacilli;Lactobacillales;Lactobacillaceae;Limosilactobacillus;"
0;0;0;0;0;0;0;0;0;0;0;0;0;0;0;0;0;0;0;0;0;0;0;0;0;0;0;0;0;0;0;0;0;0;0;0;0;0;0;0;0;0;0;0;0;0;0;0;0;0;0;0;0;0;0;0;0;0;0;0;0;0;0;0;0;0;0;0;0;0;0;"Bacilli;Lactobacillales;Lactobacillaceae;Limosilactobacillus;Limosilactobacillus fermentum"
0;0;0;0;0;0;0;0;0;0;0;0;0;0;0;0;0;0;0;0;0;0;0;0;0;0;0;0;0;0;0;0;0;0;0;0;0;0;0;0;0;0;0;0;0;0;0;0;0;0;0;0;0;0;0;0;0;0;0;0;0;19;0;0;0;0;0;0;0;0;0;"Bacilli;Lactobacillales;Lactobacillaceae;Limosilactobacillus;Limosilactobacillus urinaemulieris"
0;0;0;0;0;243;0;0;0;0;0;0;0;0;0;0;0;0;0;0;0;0;0;0;0;0;0;0;0;0;0;0;0;0;0;0;0;0;0;0;0;0;0;0;0;0;0;0;0;0;0;0;0;0;0;0;0;0;0;0;0;0;0;0;0;0;0;0;0;0;0;"Bacilli;Lactobacillales;Lactobacillaceae;Weissella_A;Weissella_A fabalis"
0;0;0;0;0;0;0;0;0;0;0;0;0;0;0;0;0;0;0;0;0;0;0;0;0;0;0;0;0;0;0;0;0;0;0;0;0;0;0;0;0;0;0;0;0;0;0;0;0;0;0;0;0;0;0;4;0;0;0;0;0;0;0;0;0;0;0;0;0;0;0;"Bacilli;Lactobacillales;Listeriaceae;Brochothrix;Brochothrix campestris"
0;0;0;0;0;0;0;0;0;0;0;0;0;0;0;0;0;0;0;0;0;0;0;0;0;0;0;0;0;0;0;0;0;0;0;0;0;0;0;0;0;0;0;0;0;0;0;0;0;0;0;0;0;0;0;0;0;0;0;0;0;0;0;0;0;0;0;0;0;0;0;"Bacilli;Lactobacillales;Listeriaceae;Listeria;Listeria monocytogenes_B"
130;74;2072;0;455;1288;599;5122;12;3515;63;0;262;1207;1251;0;4024;5091;155;0;390;0;560;5581;1566;141;2276;1831;2932;0;753;1075;890;387;329;1082;156;1315;2607;74;46;0;10;2690;1433;0;282;71;0;4707;1312;92;217;188;133;637;5478;2418;9345;0;29;938;1261;2702;389;2224;2257;854;1145;1472;5802;"Bacilli;Lactobacillales;Streptococcaceae;Streptococcus;"
0;0;0;0;0;0;0;0;0;0;0;0;0;0;0;0;0;0;0;0;0;0;0;0;0;0;0;0;0;0;0;0;0;0;0;0;0;0;0;0;0;0;0;0;0;0;0;0;0;0;0;0;0;0;0;34;0;0;0;0;0;0;0;0;0;0;0;0;4;0;0;"Bacilli;Lactobacillales;Streptococcaceae;Streptococcus;Streptococcus anginosus_C"
0;0;0;0;0;0;0;0;0;0;0;0;0;0;0;0;0;0;0;0;0;0;0;0;0;0;0;0;0;0;0;12;0;0;0;0;0;0;0;0;0;0;0;0;0;0;0;0;0;0;0;0;0;0;0;0;0;0;0;0;0;0;0;0;0;0;0;0;0;0;0;"Bacilli;Lactobacillales;Streptococcaceae;Streptococcus;Streptococcus australis_B"
0;0;0;0;0;0;0;0;0;0;0;0;0;0;0;0;0;0;0;0;0;0;0;0;0;0;0;0;28;0;0;0;127;26;0;0;0;0;0;0;0;0;0;0;0;0;0;0;0;0;0;0;0;0;0;0;0;0;0;0;0;0;0;0;0;0;0;0;0;0;0;"Bacilli;Lactobacillales;Streptococcaceae;Streptococcus;Streptococcus infantis_C"
0;0;0;0;0;0;0;0;0;0;0;0;0;0;0;0;0;0;0;0;0;0;0;0;0;0;0;0;0;0;0;0;0;208;0;0;0;0;0;0;0;0;0;158;221;0;0;0;0;0;0;0;0;0;0;0;0;0;0;0;0;0;0;0;0;248;0;0;0;0;0;"Bacilli;Lactobacillales;Streptococcaceae;Streptococcus;Streptococcus infantis_H"
0;0;0;0;0;0;0;0;0;0;0;0;0;0;0;0;0;0;0;0;0;0;0;0;0;0;0;0;0;0;0;0;0;0;0;469;0;0;0;0;0;0;0;0;0;0;0;0;0;0;0;0;0;0;0;0;0;0;40;0;0;0;0;0;0;0;0;0;48;0;41;"Bacilli;Lactobacillales;Streptococcaceae;Streptococcus;Streptococcus infantis_I"
0;0;0;0;0;0;0;0;0;0;0;0;0;0;0;0;0;0;0;0;0;0;0;0;0;0;0;0;21;0;0;0;0;0;0;0;0;0;0;0;0;0;0;0;0;0;0;0;0;0;0;0;0;0;0;0;0;0;0;0;0;0;0;0;0;0;0;0;0;0;0;"Bacilli;Lactobacillales;Streptococcaceae;Streptococcus;Streptococcus infantis_J"
0;0;0;0;0;0;0;0;0;0;0;0;0;0;0;0;0;0;0;0;0;0;0;0;0;0;0;0;0;0;0;0;0;0;0;0;0;0;0;0;0;0;0;0;0;0;0;0;0;0;0;0;0;0;18;0;0;0;0;0;0;0;0;0;0;0;0;0;0;0;0;"Bacilli;Lactobacillales;Streptococcaceae;Streptococcus;Streptococcus intermedius"
0;0;0;0;0;0;0;0;0;0;0;0;0;0;0;0;0;0;0;0;0;0;0;0;0;0;0;0;0;0;0;0;0;0;0;0;0;0;0;0;0;0;0;0;0;0;0;0;0;0;0;0;0;0;0;0;0;0;0;0;0;0;0;0;0;0;105;0;0;0;0;"Bacilli;Lactobacillales;Streptococcaceae;Streptococcus;Streptococcus mitis_AH"
0;0;0;0;0;0;0;0;0;0;0;0;0;0;0;0;0;0;0;0;0;0;0;0;0;0;0;0;0;0;0;0;0;0;0;0;0;0;0;0;0;0;0;0;0;0;0;0;0;0;0;0;0;0;0;0;0;0;0;0;0;0;0;0;0;0;0;0;1074;0;0;"Bacilli;Lactobacillales;Streptococcaceae;Streptococcus;Streptococcus mitis_AK"
0;0;618;0;0;0;0;0;0;0;0;0;0;0;0;0;0;0;0;0;0;0;0;0;0;0;0;0;0;0;0;0;0;0;0;0;0;377;0;0;0;0;0;0;0;0;0;0;0;0;0;0;0;0;0;0;601;204;0;0;0;0;0;0;0;0;0;0;1772;0;0;"Bacilli;Lactobacillales;Streptococcaceae;Streptococcus;Streptococcus mitis_BB"
227;0;0;0;0;0;0;0;0;0;0;0;0;0;0;0;0;0;0;0;0;0;0;0;0;0;0;0;0;0;0;0;0;0;0;0;0;0;0;0;0;0;0;0;0;0;0;0;0;0;0;0;0;0;0;0;0;0;0;0;0;0;0;0;0;0;0;0;0;0;0;"Bacilli;Lactobacillales;Streptococcaceae;Streptococcus;Streptococcus mitis_BE"
0;0;0;0;0;0;0;0;0;0;0;0;0;0;0;0;0;0;0;0;0;0;0;0;0;0;0;0;0;0;0;0;0;0;0;0;0;0;0;0;0;22;0;0;0;0;0;0;0;0;0;0;0;0;0;0;0;0;0;0;0;0;0;0;0;0;0;0;0;0;0;"Bacilli;Lactobacillales;Streptococcaceae;Streptococcus;Streptococcus mitis_BG"
0;0;0;0;0;0;0;0;0;0;0;0;0;0;0;0;0;0;0;0;0;0;0;0;0;0;0;0;0;0;0;0;0;0;0;0;0;0;0;0;0;0;0;0;0;0;0;0;0;0;0;0;0;0;0;0;0;0;0;0;0;0;0;220;0;0;0;0;0;0;0;"Bacilli;Lactobacillales;Streptococcaceae;Streptococcus;Streptococcus mitis_BN"
0;0;0;0;0;514;0;0;0;0;0;0;0;0;0;0;0;0;0;0;0;0;0;0;0;0;0;0;0;0;0;0;0;0;0;0;0;0;0;0;0;0;0;0;0;0;0;0;0;0;0;0;0;0;0;0;0;0;0;0;0;0;0;0;0;0;0;0;0;0;0;"Bacilli;Lactobacillales;Streptococcaceae;Streptococcus;Streptococcus mitis_BQ"
0;0;0;0;0;0;0;0;0;0;0;0;0;0;0;0;0;0;0;0;0;0;0;0;0;0;0;0;0;0;0;0;0;0;0;355;0;0;0;0;0;0;0;0;0;0;0;0;0;0;0;0;0;0;0;0;0;0;0;0;0;0;0;0;0;0;0;0;0;0;0;"Bacilli;Lactobacillales;Streptococcaceae;Streptococcus;Streptococcus mitis_L"
0;0;0;0;0;0;0;0;0;453;0;0;0;0;0;0;0;389;0;0;84;0;0;0;0;0;677;173;0;0;0;855;873;0;0;0;0;707;322;0;0;0;0;1597;2100;0;0;0;0;0;0;0;96;0;0;0;354;80;0;33;0;0;0;0;0;0;0;0;0;0;361;"Bacilli;Lactobacillales;Streptococcaceae;Streptococcus;Streptococcus mitis_O"
0;0;108;0;0;0;0;0;0;0;0;0;0;0;0;0;0;0;0;0;0;0;0;0;0;0;0;0;0;0;0;0;0;0;0;0;0;0;0;0;0;0;0;0;0;0;0;0;0;0;0;0;0;0;0;0;0;0;0;0;0;0;0;0;0;0;0;0;0;0;0;"Bacilli;Lactobacillales;Streptococcaceae;Streptococcus;Streptococcus mutans"
0;0;0;0;0;0;0;0;0;0;0;0;0;0;0;0;0;0;0;0;0;0;0;0;0;0;0;0;0;0;0;0;0;0;0;0;0;0;0;0;0;0;0;0;0;0;0;0;0;0;425;0;0;0;0;0;0;0;0;0;0;0;0;0;0;0;0;0;0;0;0;"Bacilli;Lactobacillales;Streptococcaceae;Streptococcus;Streptococcus oralis_V"
0;0;0;0;101;0;0;0;0;0;0;0;0;0;0;0;0;0;0;0;0;0;0;0;0;0;0;0;0;0;0;0;0;0;0;0;0;0;0;0;0;0;0;0;0;0;0;0;0;0;0;0;0;0;0;0;0;0;0;0;0;0;0;0;0;0;0;0;0;0;0;"Bacilli;Lactobacillales;Streptococcaceae;Streptococcus;Streptococcus oralis_Z"
0;0;0;0;0;0;0;0;0;85;0;0;0;0;0;0;0;0;0;0;0;0;0;0;0;0;0;0;0;0;0;0;0;0;0;0;0;0;0;0;0;0;0;0;0;0;0;0;0;0;0;0;0;0;0;0;0;0;0;0;0;0;0;0;0;0;0;0;0;0;0;"Bacilli;Lactobacillales;Streptococcaceae;Streptococcus;Streptococcus parasanguinis"
0;0;0;0;0;0;0;0;0;143;0;0;0;0;0;0;0;0;0;0;0;0;0;31;0;7;201;0;0;0;0;0;0;0;0;0;0;36;0;0;0;0;0;0;0;0;5;0;0;0;0;0;0;0;0;0;0;0;0;0;0;0;0;0;0;0;0;0;0;0;30;"Bacilli;Lactobacillales;Streptococcaceae;Streptococcus;Streptococcus parasanguinis_A"
0;0;0;0;0;0;0;0;0;0;0;0;0;0;0;0;0;0;0;0;0;0;0;0;0;0;0;0;0;0;0;0;0;0;0;0;0;0;0;0;0;0;0;0;0;0;0;0;0;0;0;0;0;0;0;47;0;0;0;0;0;0;0;0;0;0;0;0;42;0;0;"Bacilli;Lactobacillales;Streptococcaceae;Streptococcus;Streptococcus parasanguinis_B"
0;0;0;0;0;0;0;0;0;0;0;0;0;0;0;0;0;0;0;0;0;0;0;0;0;0;0;149;0;0;0;0;197;0;0;0;0;0;0;0;0;0;0;80;732;0;0;0;0;0;0;0;0;0;0;0;0;0;0;0;0;0;0;0;0;0;0;0;0;0;0;"Bacilli;Lactobacillales;Streptococcaceae;Streptococcus;Streptococcus parasanguinis_F"
0;0;640;0;70;223;0;0;0;0;0;0;0;1911;0;0;447;618;0;0;0;0;14;0;1542;0;0;0;0;0;0;0;0;0;0;0;0;0;413;18;0;0;12;0;0;0;0;0;0;1237;0;0;93;0;0;0;0;0;0;0;0;0;0;0;0;0;0;74;0;0;0;"Bacilli;Lactobacillales;Streptococcaceae;Streptococcus;Streptococcus parasanguinis_H"
0;0;1175;0;0;0;0;0;0;392;0;0;0;0;0;0;297;227;107;0;70;0;0;253;8269;0;25;904;0;0;0;410;0;0;0;227;0;251;2145;0;0;0;0;0;0;0;0;0;0;0;158;0;0;0;0;0;0;0;1816;0;0;0;0;0;0;0;0;319;0;0;0;"Bacilli;Lactobacillales;Streptococcaceae;Streptococcus;Streptococcus peroris"
66;0;0;139;0;0;0;0;0;0;0;0;0;953;0;32;0;0;0;0;893;0;0;0;0;0;0;0;0;0;0;0;0;0;0;0;11010;0;0;0;0;0;0;0;0;0;0;3217;0;0;0;0;0;0;0;0;0;0;0;0;0;0;18671;0;0;0;0;0;0;0;0;"Bacilli;Lactobacillales;Streptococcaceae;Streptococcus;Streptococcus pneumoniae"
0;0;0;0;0;0;0;0;0;922;0;0;0;0;0;0;0;0;0;0;0;0;0;0;0;0;0;0;0;0;0;0;0;0;0;0;0;0;0;0;0;0;0;0;0;0;0;0;0;0;0;0;0;0;0;0;0;0;0;0;0;0;0;0;0;0;0;0;0;0;0;"Bacilli;Lactobacillales;Streptococcaceae;Streptococcus;Streptococcus pseudopneumoniae"
0;0;0;0;0;0;0;0;0;0;0;0;0;0;0;0;0;0;0;0;0;0;0;0;0;0;0;0;0;0;0;0;0;0;0;0;0;0;0;0;0;0;0;0;0;0;0;0;0;0;0;0;0;0;0;0;0;0;0;0;0;0;0;0;0;2914;1383;0;0;0;0;"Bacilli;Lactobacillales;Streptococcaceae;Streptococcus;Streptococcus pseudopneumoniae_C"
0;0;0;0;0;0;0;0;0;0;0;0;0;0;0;0;0;0;0;0;0;0;0;0;0;0;0;0;0;0;0;0;0;0;0;0;0;0;0;0;0;0;0;0;7;0;0;0;0;0;0;0;0;0;0;0;0;0;0;0;0;0;0;0;0;0;0;0;0;0;0;"Bacilli;Lactobacillales;Streptococcaceae;Streptococcus;Streptococcus sanguinis"
0;0;0;0;0;0;0;0;0;0;0;0;0;0;0;0;0;0;0;0;0;0;0;15;0;0;0;0;38;0;0;0;0;0;0;0;0;0;0;0;0;0;0;0;0;0;0;0;0;0;0;0;0;0;0;0;0;0;0;0;0;0;0;0;0;0;0;0;0;0;0;"Bacilli;Lactobacillales;Streptococcaceae;Streptococcus;Streptococcus sanguinis_H"
0;0;0;0;0;0;0;0;0;0;0;0;0;0;0;0;0;0;0;0;0;0;0;0;0;0;0;0;0;0;0;0;0;0;0;0;0;0;0;0;0;0;0;0;0;0;0;0;0;0;158;0;0;0;0;0;0;0;0;0;0;0;0;0;0;0;0;0;0;0;0;"Bacilli;Lactobacillales;Streptococcaceae;Streptococcus;Streptococcus shenyangsis"
0;0;1368;0;0;0;0;45;0;0;0;0;0;0;0;7;521;1581;0;0;0;0;45;0;3854;0;0;0;0;0;0;0;0;0;0;0;0;0;0;0;0;0;0;0;0;0;0;0;0;0;160;17;0;0;0;0;0;0;933;0;0;0;0;0;0;0;0;0;0;0;0;"Bacilli;Lactobacillales;Streptococcaceae;Streptococcus;Streptococcus sp000187445"
0;0;0;0;0;0;0;0;0;0;0;0;0;0;0;0;0;0;0;0;0;0;0;0;0;0;0;140;0;0;0;0;0;0;0;509;0;0;0;0;0;0;0;0;0;0;0;0;0;0;0;0;0;0;0;0;0;0;0;0;0;0;0;0;0;288;0;0;218;0;0;"Bacilli;Lactobacillales;Streptococcaceae;Streptococcus;Streptococcus sp000314795"
0;0;0;0;0;0;0;0;0;0;0;0;0;0;0;0;0;0;0;0;0;0;0;0;0;0;0;0;0;0;0;0;0;0;0;0;0;0;0;0;0;0;0;0;0;0;0;0;0;0;0;0;0;0;407;0;0;0;0;0;0;0;0;0;0;0;0;0;0;0;0;"Bacilli;Lactobacillales;Streptococcaceae;Streptococcus;Streptococcus sp000411475"
0;0;0;0;0;0;0;0;0;0;0;0;0;0;0;0;0;0;0;0;0;0;0;0;0;0;0;0;0;0;0;0;0;0;0;0;0;0;0;0;0;0;0;0;0;0;0;0;0;0;0;0;0;0;0;0;0;0;0;0;0;0;0;105;0;0;0;0;0;0;0;"Bacilli;Lactobacillales;Streptococcaceae;Streptococcus;Streptococcus sp001813295"
0;0;0;0;39;0;0;0;0;0;0;0;0;0;0;0;0;0;0;0;0;0;0;0;0;0;0;0;0;0;0;0;0;0;0;0;0;0;0;0;0;0;0;0;0;0;0;0;0;0;0;0;0;0;0;0;0;0;0;0;0;0;0;0;0;0;0;0;0;0;0;"Bacilli;Lactobacillales;Streptococcaceae;Streptococcus;Streptococcus sp003428885"
0;0;0;0;0;0;0;0;0;0;0;0;0;0;0;0;0;0;0;0;0;0;0;0;0;0;0;0;0;0;0;0;0;0;0;400;0;0;0;0;0;0;0;95;0;0;0;0;0;0;0;0;0;0;0;0;0;0;0;0;0;0;0;0;0;1398;0;0;0;0;0;"Bacilli;Lactobacillales;Streptococcaceae;Streptococcus;Streptococcus sp004166885"
0;0;0;0;0;0;0;0;0;0;0;0;0;0;122;0;0;0;0;0;0;0;0;0;0;0;0;0;0;0;0;0;0;0;0;0;0;0;0;0;0;0;0;0;0;0;0;0;0;0;0;0;0;0;0;120;0;0;0;0;0;0;0;0;0;0;0;0;0;0;1007;"Bacilli;Lactobacillales;Streptococcaceae;Streptococcus;Streptococcus sp900766505"
0;0;0;0;137;456;0;0;0;0;0;0;0;0;0;0;0;76;0;0;0;0;0;0;0;0;0;0;0;0;0;123;557;0;0;419;0;736;0;0;0;0;425;3264;49;0;99;0;46;0;0;0;0;0;0;0;0;0;0;0;0;0;0;0;0;0;0;0;0;1077;1305;"Bacilli;Lactobacillales;Streptococcaceae;Streptococcus;Streptococcus sp901875575"
0;0;0;0;0;0;0;0;0;0;0;0;0;0;24;0;0;0;0;0;0;0;0;0;0;0;0;0;0;0;0;0;0;0;0;0;0;0;0;0;0;0;0;0;0;0;0;0;0;0;0;0;0;0;0;0;0;0;12;0;0;0;0;0;0;296;80;0;0;0;0;"Bacilli;Lactobacillales;Streptococcaceae;Streptococcus;Streptococcus sp902363395"
0;0;0;0;0;0;0;0;0;0;0;0;0;0;0;0;0;0;0;0;0;0;0;0;0;0;0;0;0;0;0;0;0;0;0;0;0;0;0;0;0;0;0;0;0;0;0;0;0;0;0;0;0;0;0;0;0;0;0;0;0;0;0;0;0;0;1644;0;0;0;0;"Bacilli;Lactobacillales;Streptococcaceae;Streptococcus;Streptococcus sp905221165"
0;0;0;0;0;0;0;0;0;479;0;0;0;0;0;0;0;0;0;0;129;237;412;0;2294;0;0;0;0;0;0;0;0;840;0;0;0;0;3846;80;0;0;0;2623;154;0;0;0;0;0;0;0;0;0;0;0;0;0;0;0;0;0;0;0;0;0;0;0;0;0;0;"Bacilli;Lactobacillales;Streptococcaceae;Streptococcus;Streptococcus sp905221195"
0;0;120;0;0;0;0;0;0;0;0;0;16;0;0;0;0;0;0;0;0;0;0;0;0;0;0;0;0;0;0;21;0;0;0;784;0;0;0;0;0;12772;0;110;103;0;0;0;0;0;0;0;0;12942;0;28;42;34;0;0;0;0;0;0;0;0;0;0;0;0;0;"Bacilli;Lactobacillales;Streptococcaceae;Streptococcus;Streptococcus thermophilus"
0;0;0;0;0;0;0;0;0;0;0;0;0;0;0;0;0;0;0;0;0;0;0;26;0;0;0;0;0;0;0;0;0;0;0;0;0;0;0;0;0;0;0;0;0;0;0;0;0;0;0;0;0;0;0;0;0;0;0;0;0;0;0;0;0;0;0;0;0;0;0;"Bacilli;Lactobacillales;Streptococcaceae;Streptococcus;Streptococcus timonensis"
0;0;0;0;0;0;0;0;0;0;0;0;0;0;0;0;0;0;0;0;0;0;0;0;0;0;0;0;0;0;0;0;0;0;0;0;0;0;0;0;0;0;0;0;0;0;0;0;0;0;0;0;0;0;21;0;0;0;0;0;0;0;0;0;0;0;0;0;0;0;0;"Bacilli;Lactobacillales;Vagococcaceae;Vagococcus;Vagococcus fluvialis"
14;0;364;0;43;0;0;0;0;93;0;0;0;0;0;0;170;0;12;0;0;0;0;70;83;0;0;0;49;0;0;25;27;0;0;28;0;0;0;0;0;0;0;0;121;0;0;0;0;0;70;0;34;0;0;0;0;0;0;0;0;0;0;0;0;507;121;0;0;0;278;"Bacilli;Staphylococcales;Gemellaceae;Gemella;Gemella haemolysans_A"
0;0;0;0;0;154;0;57;0;0;0;0;16;0;0;0;0;0;0;0;0;0;0;98;0;0;0;0;40;0;0;0;0;0;0;0;0;193;299;0;0;0;0;707;0;0;0;0;0;0;0;0;0;0;0;0;819;107;221;0;0;0;143;0;0;1136;3444;0;672;45;252;"Bacilli;Staphylococcales;Gemellaceae;Gemella;Gemella haemolysans_B"
0;0;0;0;0;0;0;0;0;615;0;0;0;0;0;0;0;163;0;0;0;0;0;0;0;0;272;0;0;0;0;0;0;0;0;0;0;0;0;0;0;0;0;0;149;0;0;0;0;0;0;0;0;0;0;0;0;0;0;0;0;0;0;0;0;0;0;0;0;0;0;"Bacilli;Staphylococcales;Gemellaceae;Gemella;Gemella haemolysans_C"
0;0;0;0;0;0;0;0;0;0;0;0;0;0;0;0;0;0;0;0;0;0;0;0;0;0;0;0;38;0;0;0;0;0;0;0;0;0;0;0;0;0;0;0;0;0;0;0;0;0;0;0;0;0;0;0;0;0;0;0;0;0;0;0;0;0;0;0;0;0;0;"Bacilli;Staphylococcales;Salinicoccaceae;Nosocomiicoccus;Nosocomiicoccus ampullae_A"
0;102;0;0;0;83;0;0;0;24;0;0;0;0;0;0;0;61;0;0;0;0;0;0;0;0;577;0;0;0;0;0;0;0;57;0;0;0;0;0;0;0;0;0;0;0;253;0;0;0;0;0;0;0;0;857;0;93;0;0;0;0;0;0;14145;0;0;0;0;0;0;"Bacilli;Staphylococcales;Staphylococcaceae;Staphylococcus;"
0;0;0;0;0;0;0;0;0;0;0;0;0;0;0;0;0;0;0;0;0;0;0;0;0;0;0;0;0;0;0;0;0;0;0;0;0;0;346;0;0;0;0;0;0;0;0;0;0;0;0;0;0;0;118;830;0;0;0;0;0;0;0;0;3485;51;0;0;0;0;0;"Bacilli;Staphylococcales;Staphylococcaceae;Staphylococcus;Staphylococcus aureus"
0;0;0;0;0;0;0;0;0;0;0;0;0;0;11;0;0;0;0;0;0;0;0;0;0;0;0;0;0;0;0;0;0;0;0;0;0;0;0;0;0;0;0;0;0;0;0;0;0;0;0;0;0;0;0;0;0;0;0;0;0;0;0;0;0;0;0;0;0;0;0;"Bacilli;Staphylococcales;Staphylococcaceae;Staphylococcus;Staphylococcus borealis"
0;0;0;0;0;0;0;0;0;0;0;0;0;0;0;0;0;0;0;0;0;0;0;0;0;0;0;40;0;0;0;0;0;0;0;0;0;0;0;0;0;0;0;0;0;0;0;0;0;0;0;0;0;0;0;0;0;0;0;0;0;0;0;0;0;0;0;0;0;0;0;"Bacilli;Staphylococcales;Staphylococcaceae;Staphylococcus;Staphylococcus caprae"
0;0;0;0;0;0;0;0;0;0;0;0;0;0;0;0;0;0;0;0;0;0;0;0;0;0;0;0;38;0;0;0;0;0;0;0;0;0;0;0;0;0;0;0;0;0;0;0;0;0;0;0;0;0;0;0;0;0;0;0;0;0;0;0;0;0;0;0;0;0;0;"Bacilli;Staphylococcales;Staphylococcaceae;Staphylococcus;Staphylococcus cohnii"
0;0;44;0;182;64;21;1179;0;0;0;0;0;0;0;0;1225;0;0;0;0;0;0;0;0;0;5244;0;157;0;0;0;0;0;0;0;0;0;0;0;0;0;0;112;123;0;0;0;0;97;114;0;52;0;905;1586;36;66;317;0;0;5245;0;2541;172;1409;2833;0;185;0;175;"Bacilli;Staphylococcales;Staphylococcaceae;Staphylococcus;Staphylococcus epidermidis"
0;0;17;0;0;0;0;0;0;0;0;0;0;0;0;0;380;17;0;0;0;0;0;0;0;0;0;0;0;0;0;0;0;0;0;0;0;0;0;0;0;0;0;0;156;0;0;0;0;0;0;0;0;0;0;0;0;0;0;0;0;0;0;0;0;0;0;0;0;0;0;"Bacilli;Staphylococcales;Staphylococcaceae;Staphylococcus;Staphylococcus haemolyticus"
0;0;0;0;0;0;0;0;0;0;0;0;0;0;0;0;0;0;0;0;0;0;0;0;0;0;0;0;123;0;0;0;0;0;0;0;0;0;99;0;0;0;0;0;325;0;0;0;0;0;0;0;0;0;20;94;0;0;45;0;0;80;0;147;0;0;0;0;26;0;2286;"Bacilli;Staphylococcales;Staphylococcaceae;Staphylococcus;Staphylococcus hominis"
0;0;0;0;0;0;0;0;0;0;0;0;0;0;0;0;0;0;0;0;0;0;0;0;0;0;0;0;0;0;0;0;0;0;0;0;0;0;0;0;0;0;0;0;0;0;0;0;0;0;0;0;0;0;0;0;0;0;0;0;0;2682;0;0;0;0;0;0;0;0;0;"Bacilli;Staphylococcales;Staphylococcaceae;Staphylococcus;Staphylococcus lugdunensis"
0;0;0;0;0;0;0;0;0;0;0;0;0;0;0;0;0;0;0;0;0;0;0;0;0;0;0;0;0;0;0;0;0;0;0;0;0;0;0;0;0;0;0;0;0;0;0;0;6;58;0;0;0;0;0;0;0;0;0;0;0;0;0;0;0;0;0;0;0;0;22;"Bacilli;Staphylococcales;Staphylococcaceae;Staphylococcus;Staphylococcus warneri"
0;0;0;0;0;104;0;0;0;307;0;0;167;0;0;0;344;0;0;0;0;0;602;0;38;0;0;85;0;0;0;0;0;37;30;0;0;0;0;0;0;0;0;0;0;0;0;0;0;0;0;0;0;0;0;0;179;31;0;0;0;0;38;0;0;0;0;0;0;0;0;"Bacteroidia;Bacteroidales;Bacteroidaceae;Alloprevotella;Alloprevotella sp900095835"
0;0;0;0;0;0;0;0;0;71;0;0;0;1991;0;0;0;0;0;0;0;0;0;0;0;0;0;18;0;0;0;0;0;29;0;0;0;0;0;0;0;0;0;0;0;0;0;0;0;0;0;0;0;0;0;0;0;0;360;0;0;0;0;0;0;0;0;0;0;0;411;"Bacteroidia;Bacteroidales;Bacteroidaceae;Prevotella;"
0;0;43;0;0;36;0;0;0;28;0;0;0;0;0;0;0;0;0;0;0;0;0;0;23;0;0;141;0;0;0;0;0;0;0;0;0;0;858;0;0;0;0;0;0;0;0;0;0;0;0;0;0;0;0;0;0;0;0;0;0;0;0;0;0;0;0;0;0;0;132;"Bacteroidia;Bacteroidales;Bacteroidaceae;Prevotella;Prevotella histicola"
0;0;0;0;0;0;0;0;0;0;0;0;0;0;0;0;0;0;0;0;0;0;0;0;0;0;0;0;0;0;0;0;0;0;0;0;0;0;0;0;0;0;0;0;0;0;0;0;0;0;0;0;0;0;0;0;0;0;0;0;0;0;0;0;0;0;0;0;0;0;41;"Bacteroidia;Bacteroidales;Bacteroidaceae;Prevotella;Prevotella intermedia"
0;0;0;0;0;0;0;0;0;60;0;0;0;0;0;0;0;0;0;0;0;0;119;0;0;0;0;157;0;0;0;27;0;0;0;0;557;387;0;0;0;0;0;169;0;0;0;0;0;24;0;0;0;0;0;0;0;96;0;0;0;0;0;0;0;131;0;0;0;11;0;"Bacteroidia;Bacteroidales;Bacteroidaceae;Prevotella;Prevotella melaninogenica"
0;0;0;0;0;0;0;0;0;0;0;0;0;0;0;0;0;0;0;0;0;0;0;0;0;0;0;0;0;0;0;0;0;0;0;0;0;0;0;0;0;0;0;0;0;0;0;0;0;0;0;0;0;0;0;0;0;0;0;0;0;22;0;0;0;0;0;0;0;0;0;"Bacteroidia;Bacteroidales;Bacteroidaceae;Prevotella;Prevotella oris"
0;0;0;0;0;0;0;0;0;0;0;0;0;0;0;0;0;0;0;0;0;0;0;0;0;0;0;0;0;0;0;0;0;0;0;0;0;0;0;0;0;0;0;0;0;0;0;0;0;0;0;0;0;0;0;0;0;0;0;0;0;0;0;0;0;0;0;0;0;0;35;"Bacteroidia;Bacteroidales;Bacteroidaceae;Prevotella;Prevotella pallens"
0;0;0;0;0;0;0;0;0;35;0;0;0;0;0;0;0;0;0;0;0;0;0;0;0;0;0;9;0;0;0;0;0;0;0;0;0;0;0;0;0;0;0;0;0;0;0;0;0;0;0;0;0;0;0;0;0;0;0;0;0;0;0;0;0;0;0;0;0;0;0;"Bacteroidia;Bacteroidales;Bacteroidaceae;Prevotella;Prevotella salivae"
0;0;0;0;0;0;341;0;0;0;0;0;0;0;0;0;0;0;0;0;0;0;0;0;0;0;0;0;0;0;0;0;0;0;0;0;0;0;0;0;0;0;0;30;123;0;0;0;0;0;0;0;0;0;0;0;9;0;0;0;0;0;0;0;0;89;65;0;0;0;0;"Bacteroidia;Bacteroidales;Bacteroidaceae;Prevotella;Prevotella sp000163055"
0;0;0;0;0;0;0;0;0;115;0;0;0;0;0;0;0;0;0;0;0;0;0;0;0;0;0;0;0;0;0;0;0;0;0;0;0;0;0;0;0;0;0;0;0;0;0;0;0;0;0;0;0;0;0;0;0;0;0;0;0;0;0;0;0;0;0;0;0;0;0;"Bacteroidia;Bacteroidales;Bacteroidaceae;Prevotella;Prevotella sp000257925"
0;0;0;0;0;0;0;0;0;160;0;0;0;99;0;0;0;0;0;0;0;0;0;0;0;0;0;0;0;0;0;0;0;0;0;0;0;0;0;0;0;0;0;0;0;0;0;0;0;0;0;0;0;0;0;0;27;110;564;0;0;0;0;0;0;0;0;0;0;10;0;"Bacteroidia;Bacteroidales;Bacteroidaceae;Prevotella;Prevotella sp000467895"
0;0;0;0;0;0;0;0;0;0;0;0;0;0;0;0;0;0;0;0;0;0;0;0;0;0;0;0;0;0;0;0;0;0;0;0;0;0;0;0;0;0;0;50;0;0;0;0;0;0;0;0;0;0;0;0;38;0;0;0;0;0;0;0;0;0;0;0;0;0;0;"Bacteroidia;Bacteroidales;Porphyromonadaceae;Porphyromonas;"
52;0;0;0;0;0;0;0;0;0;0;0;0;0;0;0;288;26;0;0;0;0;83;56;0;0;0;0;0;0;0;9;0;10;0;0;0;0;165;0;0;20;0;582;21;0;0;0;0;0;0;0;5;0;0;0;74;0;0;0;0;0;0;0;0;628;113;0;0;206;11;"Bacteroidia;Bacteroidales;Porphyromonadaceae;Porphyromonas;Porphyromonas sp000467855"
0;0;0;0;0;0;0;0;0;312;0;0;0;0;0;0;175;0;0;0;0;0;0;0;0;0;0;0;0;0;0;0;0;0;258;0;0;0;0;0;0;0;0;309;0;0;0;0;0;0;0;0;0;0;0;0;0;0;0;0;0;0;0;0;0;0;0;0;0;0;0;"Bacteroidia;Bacteroidales;Porphyromonadaceae;Porphyromonas;Porphyromonas sp018127745"
0;0;0;0;0;0;0;0;0;0;0;0;0;0;0;0;0;0;0;0;0;0;0;0;0;0;0;0;0;0;0;0;0;0;0;0;0;6;0;0;0;0;0;0;0;0;0;0;0;0;0;0;0;0;0;0;0;0;0;0;0;0;0;0;0;0;0;0;0;0;0;"Bacteroidia;Chitinophagales;Chitinophagaceae;Ferruginibacter;Ferruginibacter sp016715365"
0;0;0;0;0;0;0;0;0;0;0;0;0;0;0;0;0;0;0;0;0;0;0;0;0;0;0;0;0;0;0;0;0;0;0;0;0;0;0;0;0;0;0;0;16;0;0;0;0;0;0;0;0;0;0;0;0;0;0;0;0;0;0;0;0;0;0;0;0;0;0;"Bacteroidia;Chitinophagales;Chitinophagaceae;Ilyomonas;Ilyomonas limi"
0;0;0;0;0;0;0;0;0;0;0;0;0;0;0;0;0;18;0;0;0;0;0;0;0;0;0;0;0;0;0;0;0;0;0;0;0;0;0;0;0;0;0;0;8;0;0;0;0;0;0;0;0;0;0;0;0;0;0;0;0;0;0;0;0;0;0;0;0;0;0;"Bacteroidia;Chitinophagales;Chitinophagaceae;Sediminibacterium;Sediminibacterium magnilacihabitans"
0;0;0;0;0;0;0;0;0;0;0;0;0;0;0;0;0;0;0;0;0;0;0;0;0;0;0;0;0;0;0;0;0;0;0;0;0;0;0;0;0;0;0;0;0;0;0;0;0;0;0;0;0;0;0;0;0;0;0;0;0;16;0;0;0;0;0;0;0;0;0;"Bacteroidia;Chitinophagales;Chitinophagaceae;Sediminibacterium;Sediminibacterium sp000515315"
0;0;0;0;0;0;0;0;0;0;0;0;0;0;0;0;0;0;0;0;0;0;0;0;0;0;0;0;0;0;0;0;0;0;0;0;0;0;0;0;0;0;0;6;0;0;0;0;0;0;0;0;0;0;0;0;0;7;0;0;0;0;0;0;0;0;57;0;0;0;0;"Bacteroidia;Chitinophagales;Chitinophagaceae;Sediminibacterium;Sediminibacterium sp013297995"
0;0;0;0;0;0;0;0;0;0;0;0;0;0;0;0;0;0;0;0;0;0;0;0;0;0;0;0;0;0;0;0;0;0;0;0;0;0;0;0;0;0;0;0;0;0;0;0;0;0;0;0;0;0;0;0;0;19;0;0;0;0;0;0;0;0;0;0;0;0;0;"Bacteroidia;Cytophagales;Hymenobacteraceae;Adhaeribacter;Adhaeribacter rhizoryzae"
0;0;0;0;0;0;0;0;0;0;0;0;0;0;0;0;0;0;0;0;0;0;0;0;0;0;0;0;0;0;0;0;0;0;0;0;0;0;0;0;0;0;0;0;0;0;0;0;0;0;0;0;0;0;0;0;0;25;0;0;0;0;0;0;0;10;0;0;0;0;0;"Bacteroidia;Flavobacteriales;Flavobacteriaceae;Capnocytophaga;Capnocytophaga gingivalis"
0;0;0;0;0;0;0;0;0;0;0;0;0;0;0;0;0;0;0;0;0;0;0;0;0;0;0;0;0;0;0;0;0;0;0;0;0;0;0;0;0;0;0;0;0;0;0;0;0;0;0;0;0;0;0;0;0;0;0;0;0;0;0;0;0;18;0;0;0;0;0;"Bacteroidia;Flavobacteriales;Flavobacteriaceae;Flavobacterium;Flavobacterium album"
0;0;0;15;0;0;0;0;0;0;0;0;0;0;0;0;3072;343;0;0;0;0;82;330;339;0;0;0;0;0;0;0;0;0;0;0;0;0;135;0;0;0;0;0;0;0;0;0;0;0;0;0;0;0;0;7;28;0;0;0;0;0;0;0;0;0;0;0;0;0;0;"Bacteroidia;Flavobacteriales;Weeksellaceae;;"
0;0;0;0;0;0;0;0;0;0;0;0;0;0;0;0;0;0;0;0;0;0;0;0;0;0;0;0;0;0;0;0;0;0;0;0;0;0;0;0;0;0;0;0;0;0;0;0;0;0;0;0;0;0;0;0;0;0;0;0;0;0;0;0;0;0;0;0;224;0;0;"Bacteroidia;Flavobacteriales;Weeksellaceae;Empedobacter;Empedobacter falsenii_A"
0;0;0;0;0;0;0;0;0;0;0;0;0;0;0;0;0;0;0;0;0;10;0;0;0;0;11;10;0;0;0;0;0;0;0;0;0;0;0;0;0;0;0;0;0;0;0;0;0;0;0;0;0;0;0;0;0;0;0;0;0;0;0;0;0;0;0;0;0;0;0;"Bacteroidia;Flavobacteriales;Weeksellaceae;Epilithonimonas;Epilithonimonas vandammei"
0;0;0;0;0;0;0;0;0;0;0;0;0;0;0;0;0;0;0;0;0;0;0;0;0;0;0;0;0;0;0;0;0;0;0;0;0;0;0;0;0;0;0;0;61;0;0;0;0;0;0;0;0;0;0;0;0;0;0;0;0;0;0;0;0;0;0;0;0;0;0;"Bacteroidia;Flavobacteriales;Weeksellaceae;JABCPE02;JABCPE02 sp013333255"
0;0;0;0;0;0;0;0;0;0;0;0;0;0;0;0;0;0;0;0;0;0;0;0;0;0;0;0;0;0;0;0;0;0;0;0;0;0;0;0;0;0;0;0;0;0;0;0;0;0;0;0;0;3;0;0;0;0;0;0;0;0;0;0;0;0;0;0;0;0;0;"Bacteroidia;Sphingobacteriales;Sphingobacteriaceae;Mucilaginibacter;Mucilaginibacter frigoritolerans"
0;0;0;0;0;41;0;0;0;8;0;0;0;0;0;0;0;30;0;0;0;0;0;0;0;0;0;0;23;0;0;0;0;0;0;0;0;0;0;0;0;0;0;13;0;0;0;0;0;0;91;0;5;0;44;2;27;33;0;0;0;0;16;149;0;0;24;0;0;0;0;"Bdellovibrionia_A;CAIPTA01;CAIPTA01;CAIPTA01;CAIPTA01 sp903867855"
0;0;62;0;0;0;0;0;0;0;0;0;0;0;0;0;0;0;0;0;0;0;0;0;0;0;0;0;0;0;0;0;0;0;0;0;0;0;0;0;0;0;0;0;0;0;0;0;0;0;0;0;0;0;0;0;0;0;0;0;0;0;0;0;0;0;0;0;0;0;0;"Blastocatellia;Pyrinomonadales;Pyrinomonadaceae;GCA-002050365;GCA-002050365 sp902805935"
0;0;0;0;0;0;0;0;0;0;0;0;0;0;0;0;0;0;0;0;0;0;0;0;0;0;0;0;0;0;0;0;0;0;0;0;0;0;0;0;0;0;0;11;27;0;0;0;0;145;0;0;0;0;0;0;0;0;0;0;0;0;0;0;0;0;0;0;0;0;0;"Brachyspirae;Brachyspirales;Brachyspiraceae;Brachyspira;Brachyspira hampsonii_B"
0;0;0;0;0;0;0;0;0;0;0;0;0;0;0;0;0;0;0;0;0;0;0;0;0;0;0;20;60;0;0;0;0;0;0;0;0;0;328;0;0;0;0;0;0;0;0;0;0;19;0;0;0;0;0;0;31;0;16;0;0;0;0;0;0;0;0;0;0;0;0;"Campylobacteria;Campylobacterales;Campylobacteraceae;Campylobacter_A;"
0;0;0;0;0;0;0;0;0;39;0;0;0;0;0;0;0;0;0;0;0;0;0;0;0;0;0;0;0;0;0;0;0;0;0;0;0;0;0;0;0;0;0;0;0;0;0;0;0;0;0;0;0;0;0;0;0;0;0;0;0;0;0;0;0;0;0;0;0;0;0;"Campylobacteria;Campylobacterales;Campylobacteraceae;Campylobacter_A;Campylobacter_A concisus_C"
0;0;0;0;0;0;0;0;0;0;0;0;0;0;0;0;0;0;0;0;0;0;0;0;0;0;0;0;0;0;0;0;0;0;0;0;0;0;0;0;0;0;0;0;0;0;0;0;0;0;0;0;0;0;0;0;0;6;0;0;0;0;0;0;0;0;0;0;0;0;0;"Campylobacteria;Campylobacterales;Campylobacteraceae;Campylobacter_B;Campylobacter_B ureolyticus"
0;0;0;0;0;0;0;0;0;0;0;0;0;0;0;0;0;0;0;0;0;0;0;0;0;0;0;0;0;0;0;0;0;0;0;0;0;0;0;0;0;0;0;0;0;0;0;0;0;0;0;0;0;0;0;0;0;0;0;0;0;39;0;0;0;0;0;0;0;0;0;"Campylobacteria;Campylobacterales;Campylobacteraceae;Campylobacter_B;Campylobacter_B ureolyticus_A"
0;0;0;0;0;0;0;0;0;0;0;0;0;0;0;0;0;0;0;0;0;0;0;0;0;0;0;0;0;0;0;0;0;0;0;0;0;5;0;0;0;0;0;0;0;0;0;0;0;0;0;0;0;0;0;0;0;0;0;0;0;0;0;0;0;0;0;0;0;0;0;"Campylobacteria;Campylobacterales;Helicobacteraceae;Helicobacter_D;Helicobacter_D winghamensis"
0;0;0;0;0;0;0;0;0;0;0;0;0;0;0;0;0;0;0;0;0;0;0;0;0;0;0;0;0;0;0;0;0;0;0;0;0;0;0;0;0;0;0;0;0;0;0;0;0;0;0;0;0;0;0;0;0;0;0;0;0;0;0;0;0;0;15;0;0;0;0;"Clostridia;Clostridiales;Clostridiaceae;Clostridium_P;Clostridium_P perfringens"
0;0;0;0;0;0;0;0;0;0;0;0;0;0;0;0;0;0;0;0;0;0;0;0;0;0;0;0;0;0;0;0;0;0;0;0;0;0;0;0;0;0;0;0;0;0;0;0;0;0;0;0;0;0;0;0;0;0;0;0;0;35;0;0;0;0;0;0;0;0;0;"Clostridia;Lachnospirales;Lachnospiraceae;CAG-127;CAG-127 sp900319515"
0;0;0;0;0;0;0;0;0;0;0;0;0;0;0;0;0;0;0;0;0;0;0;0;0;0;0;0;0;0;0;0;0;0;0;0;0;0;0;0;0;0;0;0;0;0;0;0;0;0;0;0;0;0;0;0;0;0;0;0;0;17;0;0;0;0;0;0;0;0;0;"Clostridia;Lachnospirales;Lachnospiraceae;Catonella;"
0;0;0;0;8;0;0;0;0;91;0;0;0;0;0;0;0;0;0;0;0;0;0;0;0;0;0;0;0;0;0;0;0;0;0;0;0;0;0;0;0;0;0;0;0;0;0;0;0;0;0;0;0;0;0;0;0;0;0;0;0;0;0;0;0;0;0;0;0;0;0;"Clostridia;Lachnospirales;Lachnospiraceae;F0428;F0428 sp003043955"
0;0;0;0;0;0;0;0;0;28;0;0;0;0;0;0;0;0;0;0;0;0;0;0;0;0;0;0;0;0;0;0;0;0;0;0;0;0;0;0;0;0;0;0;0;0;0;0;0;0;0;0;0;0;0;0;0;0;0;0;0;0;0;0;0;0;0;0;0;0;0;"Clostridia;Lachnospirales;Lachnospiraceae;Lachnoanaerobaculum;Lachnoanaerobaculum gingivalis"
0;0;0;0;0;0;0;0;0;37;0;0;0;0;0;0;0;0;0;0;0;0;0;0;0;0;0;0;0;0;0;0;0;0;0;0;0;0;0;0;0;0;0;0;0;0;0;0;0;0;0;0;0;0;0;0;0;0;6;0;0;70;0;0;0;0;0;0;0;0;0;"Clostridia;Lachnospirales;Lachnospiraceae;Lachnoanaerobaculum;Lachnoanaerobaculum orale"
0;0;0;0;0;0;0;0;0;73;0;0;0;0;0;0;0;0;0;0;0;0;0;0;0;0;0;0;0;0;0;0;0;0;0;0;0;0;0;0;0;0;0;19;67;0;0;0;0;0;0;0;0;0;0;0;0;0;0;0;0;14;0;0;0;0;0;0;0;0;0;"Clostridia;Lachnospirales;Lachnospiraceae;Lachnoanaerobaculum;Lachnoanaerobaculum sp000296385"
0;0;0;0;0;0;0;0;0;0;0;0;0;0;0;0;0;62;0;0;0;0;0;0;0;0;0;0;0;0;0;0;0;0;0;0;0;0;0;0;0;0;0;0;0;0;0;0;0;0;0;0;0;0;0;0;0;0;0;0;0;33;0;0;0;0;0;0;0;0;0;"Clostridia;Lachnospirales;Lachnospiraceae;Lachnospira;Lachnospira sp900316325"
0;0;0;0;0;0;0;0;0;0;0;0;0;0;0;0;0;0;0;0;0;0;0;0;0;0;0;0;0;0;0;0;0;0;0;0;0;0;0;0;0;0;0;0;0;0;0;0;0;0;0;0;0;0;0;0;0;0;0;0;0;36;0;0;0;18;0;0;0;0;0;"Clostridia;Lachnospirales;Lachnospiraceae;Oribacterium;Oribacterium asaccharolyticum"
0;0;0;0;0;0;0;0;0;0;0;0;0;0;0;0;0;0;0;0;0;0;0;0;0;0;0;0;35;0;0;0;0;0;0;0;0;0;0;0;0;0;0;0;39;0;0;0;0;0;0;0;11;0;0;0;0;0;0;0;0;0;0;0;0;0;0;0;0;0;0;"Clostridia;Lachnospirales;Lachnospiraceae;Ruminococcus_B;Ruminococcus_B gnavus"
0;0;0;0;0;12;0;0;0;22;0;0;0;0;0;0;0;0;0;0;0;0;0;0;0;0;0;0;0;0;0;0;0;0;0;0;0;0;0;0;0;0;0;0;98;0;0;0;0;0;0;0;0;0;0;0;0;19;0;0;0;0;0;0;0;0;0;0;0;0;0;"Clostridia;Lachnospirales;Lachnospiraceae;Stomatobaculum;Stomatobaculum longum"
0;0;0;0;0;0;0;0;0;0;0;0;0;0;0;0;0;0;0;0;0;0;0;0;0;0;0;0;0;0;0;0;0;0;0;0;0;0;0;0;0;36;0;0;0;0;0;0;0;0;0;0;0;0;0;0;0;0;0;0;0;0;0;0;0;0;0;0;0;0;0;"Clostridia;Oscillospirales;Ruminococcaceae;Faecalibacterium;Faecalibacterium prausnitzii_F"
0;0;0;0;0;0;0;0;0;0;0;0;0;0;0;0;0;0;0;0;0;0;0;0;0;0;0;0;0;0;0;0;0;0;0;0;0;0;0;0;0;0;0;0;0;0;0;0;0;0;0;0;0;0;0;0;0;0;0;0;0;84;0;0;0;0;0;0;0;0;0;"Clostridia;Oscillospirales;Ruminococcaceae;Ruminococcus_C;Ruminococcus_C callidus"
0;0;0;0;0;0;0;0;0;0;0;0;0;0;0;0;0;0;0;0;0;0;0;0;0;0;0;2;0;0;0;0;0;0;0;0;0;0;0;0;0;0;0;0;0;0;0;0;0;0;0;0;0;0;0;0;0;0;0;0;0;0;0;0;0;0;0;0;0;0;0;"Clostridia;Peptostreptococcales;Anaerovoracaceae;Mogibacterium;Mogibacterium diversum"
0;0;0;0;0;5;0;0;0;0;0;0;0;0;0;0;0;0;0;0;0;0;0;0;0;0;0;0;0;0;0;0;0;0;0;0;0;0;0;0;0;0;0;0;0;0;0;0;0;0;0;0;0;0;0;0;0;0;0;0;0;26;0;0;0;0;0;0;0;0;0;"Clostridia;Peptostreptococcales;Filifactoraceae;Filifactor;Filifactor alocis"
0;0;0;0;0;0;0;0;0;0;0;0;0;0;0;0;0;14;0;0;0;0;0;0;0;0;0;0;0;0;0;0;0;0;0;0;0;0;0;0;0;0;0;0;0;0;0;0;0;0;0;0;0;0;0;0;0;11;0;0;0;0;0;0;0;0;0;0;0;0;0;"Clostridia;Peptostreptococcales;Natronincolaceae;Alkaliphilus_A;Alkaliphilus_A metalliredigens"
0;0;0;0;0;0;0;0;0;0;0;0;0;0;0;0;0;0;0;0;0;0;0;0;0;0;0;0;0;0;0;0;0;0;0;0;0;0;0;0;0;0;0;0;0;0;0;0;0;0;0;0;0;0;0;0;0;0;0;0;0;59;0;0;0;0;0;0;0;0;0;"Clostridia;Peptostreptococcales;Peptostreptococcaceae;Peptostreptococcus;Peptostreptococcus sp000758885"
0;0;0;0;0;0;0;0;0;0;0;0;0;0;0;0;0;0;0;0;0;0;0;0;0;0;0;0;0;0;0;0;0;0;0;0;0;0;0;0;0;0;0;0;0;0;0;0;0;0;0;0;0;0;0;0;0;0;0;0;0;33;0;0;0;0;0;0;0;0;0;"Clostridia;Peptostreptococcales;Peptostreptococcaceae;Romboutsia;Romboutsia timonensis"
0;0;0;0;0;0;0;0;0;101;0;0;0;0;0;0;0;0;0;0;0;0;0;0;0;0;0;0;0;0;0;0;0;0;0;0;0;0;0;0;0;0;0;0;0;0;0;0;0;0;0;0;0;0;0;0;0;0;0;0;0;0;0;0;0;0;0;0;0;0;14;"Clostridia;TANB77;CAG-508;Merdicola;Merdicola sp900552655"
0;0;0;0;0;0;0;0;0;0;0;0;0;0;0;0;0;0;0;0;0;0;0;0;0;0;0;0;0;0;0;0;0;0;0;0;0;0;0;0;0;0;0;0;0;0;0;0;0;0;0;0;0;0;0;0;0;0;0;0;0;0;0;0;0;0;0;0;0;0;18;"Clostridia;Tissierellales;Peptoniphilaceae;Anaerococcus;Anaerococcus jeddahensis"
0;0;0;0;0;0;0;0;0;0;0;0;0;0;0;0;0;0;0;0;0;0;0;0;0;0;0;0;0;0;0;0;0;0;0;0;0;0;0;0;0;0;0;0;0;0;0;0;0;0;0;0;0;0;0;0;0;0;0;0;0;34;0;0;0;0;0;0;0;0;0;"Clostridia;Tissierellales;Peptoniphilaceae;Anaerococcus;Anaerococcus marasmi"
0;0;0;0;0;0;0;0;0;0;0;0;0;0;0;0;0;0;0;0;0;0;0;0;0;0;0;0;0;0;0;0;0;0;0;0;0;0;0;0;0;0;0;0;0;0;0;0;0;0;0;0;0;0;0;0;10;0;0;0;0;0;0;0;0;0;0;0;0;0;0;"Clostridia;Tissierellales;Peptoniphilaceae;Anaerococcus;Anaerococcus mediterraneensis"
0;0;0;0;0;0;0;0;0;0;0;0;0;0;0;0;0;0;0;0;0;0;0;0;0;0;0;0;0;0;0;0;0;0;0;0;0;0;0;0;0;0;0;0;0;0;0;0;0;0;0;0;0;0;0;0;0;0;62;0;0;91;0;0;0;0;0;0;0;0;78;"Clostridia;Tissierellales;Peptoniphilaceae;Anaerococcus;Anaerococcus octavius"
0;0;0;0;0;0;0;0;0;0;0;0;0;0;0;0;0;0;0;0;0;0;0;0;0;0;0;0;0;0;0;0;0;0;0;0;0;0;0;0;0;0;0;0;0;0;0;0;0;0;0;0;0;0;0;0;0;0;0;0;0;29;0;0;0;0;22;0;0;0;0;"Clostridia;Tissierellales;Peptoniphilaceae;Anaerococcus;Anaerococcus prevotii"
0;0;0;0;0;0;0;0;0;0;0;0;0;0;0;0;0;0;0;0;0;0;0;0;0;0;0;0;0;0;0;0;0;0;0;0;0;0;0;0;0;0;0;0;0;0;0;0;0;0;0;0;0;0;0;0;0;0;0;0;0;34;0;0;0;0;0;0;0;0;0;"Clostridia;Tissierellales;Peptoniphilaceae;Anaerococcus;Anaerococcus provencensis"
0;0;0;0;0;0;0;0;0;0;0;0;0;0;0;0;0;0;0;0;0;0;0;0;0;0;0;0;0;0;0;0;0;0;0;0;0;0;6;0;0;0;0;0;0;0;0;0;0;0;0;0;0;0;0;0;0;0;0;0;0;0;0;0;0;0;0;0;0;0;0;"Clostridia;Tissierellales;Peptoniphilaceae;Anaerococcus;Anaerococcus rubeinfantis"
0;0;0;0;0;0;0;0;0;0;0;0;0;0;0;0;0;0;0;0;0;0;0;0;0;0;0;0;0;0;0;0;0;0;0;0;0;0;0;0;0;0;0;0;0;0;0;0;0;0;0;0;0;0;0;0;0;0;0;0;0;64;0;0;0;0;225;0;0;0;0;"Clostridia;Tissierellales;Peptoniphilaceae;Finegoldia;Finegoldia magna_F"
0;0;0;0;0;0;0;0;0;0;0;0;0;0;0;0;0;0;0;0;0;0;0;0;0;0;0;0;0;0;0;0;0;0;0;0;0;0;0;0;0;0;0;0;121;0;0;0;0;0;0;0;0;0;0;0;0;0;0;0;0;0;0;0;0;0;0;0;0;0;0;"Clostridia;Tissierellales;Peptoniphilaceae;Finegoldia;Finegoldia magna_H"
0;0;0;0;0;0;0;0;0;0;0;0;0;0;0;0;0;0;0;0;0;0;0;0;0;0;0;0;0;0;0;0;0;0;0;0;0;0;0;0;0;0;0;0;0;0;0;0;0;0;0;0;0;0;0;0;0;0;0;0;0;0;0;0;0;0;8;0;0;0;0;"Clostridia;Tissierellales;Peptoniphilaceae;Peptoniphilus_A;"
0;0;0;0;0;0;0;0;0;0;0;0;0;0;0;0;0;0;0;0;0;0;0;0;0;0;0;0;0;0;0;0;0;0;0;0;0;0;0;0;0;0;0;0;87;0;0;0;0;0;0;0;0;0;0;0;0;0;0;0;0;74;0;0;0;13;52;0;0;0;0;"Clostridia;Tissierellales;Peptoniphilaceae;Peptoniphilus_A;Peptoniphilus_A harei"
0;0;0;0;0;0;0;0;0;0;0;0;0;0;0;0;0;0;0;0;0;0;0;0;0;0;0;0;0;0;0;0;0;0;0;0;0;0;0;0;0;0;0;0;0;0;0;0;0;0;0;0;0;0;0;0;0;0;0;0;0;263;0;0;0;0;0;0;0;0;88;"Clostridia;Tissierellales;Peptoniphilaceae;Peptoniphilus_A;Peptoniphilus_A lacydonensis"
0;0;0;0;0;38;0;0;0;0;0;0;0;0;0;0;0;0;0;0;0;0;0;0;0;0;0;0;0;0;0;0;0;0;0;0;0;0;0;0;0;0;0;0;0;0;0;0;0;0;0;0;0;0;0;0;0;0;0;0;0;0;0;0;0;0;0;0;0;0;87;"Coriobacteriia;Coriobacteriales;Atopobiaceae;Lancefieldella;Lancefieldella sp000564995"
0;0;0;0;0;0;0;0;0;0;0;0;0;0;0;0;0;0;0;0;0;0;0;0;0;0;0;0;51;0;0;0;0;0;0;0;0;0;0;0;0;0;0;0;0;0;0;0;0;0;0;0;0;0;0;0;0;0;0;0;0;0;0;0;0;0;0;0;0;0;0;"Cyanobacteriia;Cyanobacteriales;Chroococcidiopsidaceae;Aliterella;Aliterella atlantica"
0;0;0;0;7;0;0;0;0;0;0;0;0;0;0;0;0;0;0;0;0;0;0;0;0;0;0;0;0;0;0;0;0;0;0;0;0;0;0;0;0;0;0;0;0;0;0;0;0;0;0;0;0;0;0;0;0;0;0;0;0;0;0;0;0;0;0;0;0;0;0;"Cyanobacteriia;Cyanobacteriales;Nostocaceae;;"
0;0;0;0;0;0;0;0;0;0;0;0;0;0;0;0;0;0;0;0;0;0;0;0;0;0;0;0;0;0;0;0;0;0;0;0;0;0;0;0;0;0;0;0;0;0;0;0;0;0;0;0;0;0;24;0;0;0;0;0;0;0;0;0;0;0;0;0;0;0;0;"Cyanobacteriia;Cyanobacteriales;Oscillatoriaceae_A;FACHB-68;FACHB-68 sp014695715"
0;0;0;0;0;0;0;14;0;0;0;0;0;0;0;0;0;0;0;0;0;0;0;0;0;0;0;0;0;0;0;0;0;0;0;0;0;0;0;0;0;0;0;0;0;0;0;0;0;0;0;0;0;0;0;0;0;0;0;0;0;0;0;0;0;0;0;0;11;0;0;"Cyanobacteriia;Elainellales;Elainellaceae;;"
0;0;0;0;0;28;0;0;0;0;0;0;0;0;0;0;0;0;0;0;0;0;0;0;0;0;0;0;0;0;0;0;0;0;0;0;0;0;0;0;0;0;0;0;0;0;0;0;0;0;0;0;0;0;0;0;0;0;0;0;0;0;0;0;0;0;0;0;0;0;0;"Deinococci;Deinococcales;Deinococcaceae;Deinococcus;Deinococcus humi"
0;0;0;0;0;0;0;0;0;0;0;0;0;0;0;0;0;0;0;0;0;0;0;0;0;0;0;0;0;0;0;0;0;0;0;0;0;0;0;0;0;0;0;0;0;0;0;0;0;0;0;0;0;0;0;0;0;0;0;0;0;0;0;0;0;0;0;0;0;0;124;"Deinococci;Deinococcales;Thermaceae;Thermus;Thermus thermophilus"
0;0;0;0;0;0;0;10;0;0;0;0;0;0;0;0;0;0;0;0;0;0;0;0;0;0;0;0;0;0;0;0;0;0;0;66;0;0;0;0;0;0;0;0;0;0;0;0;0;0;0;0;0;0;0;0;0;0;0;0;0;0;0;0;0;0;0;0;0;0;0;"Deinococci;Deinococcales;Trueperaceae;Truepera;Truepera radiovictrix"
0;0;0;0;0;0;0;0;0;0;0;0;0;0;0;0;0;4;0;0;0;0;0;0;0;0;0;0;0;0;0;0;0;0;0;0;0;0;0;0;0;0;0;0;0;0;0;0;0;0;0;0;0;0;16;0;0;0;0;0;0;0;0;0;0;0;0;0;0;0;0;"Fimbriimonadia;Fimbriimonadales;Fimbriimonadaceae;55-13;55-13 sp001898035"
0;0;0;0;0;0;0;0;0;0;0;0;0;0;0;0;0;0;0;0;0;0;0;0;0;0;0;0;9;0;0;0;0;0;0;0;0;0;0;0;0;0;0;0;0;0;0;0;0;0;0;0;0;0;0;0;12;12;0;0;0;0;0;0;0;0;0;0;0;0;53;"Fusobacteriia;Fusobacteriales;Leptotrichiaceae;JABCPH02;JABCPH02 sp013333235"
0;0;0;0;0;0;0;0;0;0;0;0;0;0;0;0;0;0;0;0;0;0;0;0;0;0;0;0;0;0;0;0;0;0;0;0;0;0;0;0;0;0;0;0;0;0;0;0;0;0;0;0;0;0;0;0;0;0;0;0;0;0;0;0;0;9;0;0;0;0;0;"Fusobacteriia;Fusobacteriales;Leptotrichiaceae;Leptotrichia_A;Leptotrichia_A sp000469505"
0;0;0;0;0;0;0;0;0;25;0;0;0;0;0;0;0;0;0;0;0;0;0;0;0;0;0;0;0;0;0;0;0;0;0;0;0;0;0;0;0;0;0;0;0;0;0;0;0;0;0;0;0;0;0;0;0;0;0;0;0;0;0;0;0;0;0;0;0;0;0;"Fusobacteriia;Fusobacteriales;Leptotrichiaceae;Leptotrichia;Leptotrichia wadei_A"
0;0;0;0;0;0;0;0;0;0;0;0;0;0;0;0;0;0;0;0;0;0;0;0;0;0;0;0;0;0;0;0;0;0;0;0;0;0;0;0;0;0;0;0;0;0;0;0;0;0;0;0;0;0;0;0;0;0;0;0;0;0;0;0;0;0;0;0;0;0;0;"Gammaproteobacteria;;;;"
0;0;0;0;0;0;0;0;0;0;0;0;0;0;0;0;0;0;0;0;0;0;0;0;0;0;0;0;0;0;0;0;0;0;0;0;0;0;0;0;0;0;0;0;0;0;0;0;0;0;11;0;0;0;0;0;0;0;0;0;0;0;0;0;0;0;0;0;0;0;0;"Gammaproteobacteria;Burkholderiales;Burkholderiaceae;Achromobacter;"
0;0;0;0;0;0;0;0;0;0;0;0;0;0;0;0;0;0;0;0;0;0;0;0;0;0;0;0;0;0;0;0;0;0;0;0;0;0;0;0;0;0;0;0;0;0;0;0;0;0;0;0;0;0;27;0;0;0;0;0;0;0;0;0;0;0;0;0;0;0;0;"Gammaproteobacteria;Burkholderiales;Burkholderiaceae;ALPHA2B;"
0;0;0;0;0;0;0;0;0;0;0;0;0;0;0;0;0;0;0;0;0;0;0;18;0;0;0;0;0;0;0;0;0;0;0;0;0;0;0;0;0;0;0;0;0;0;0;0;0;0;0;0;0;0;0;0;0;0;0;0;0;0;0;0;0;10;0;0;0;0;0;"Gammaproteobacteria;Burkholderiales;Burkholderiaceae;Aquincola;Aquincola tertiaricarbonis"
0;0;0;0;0;0;0;0;0;0;0;0;0;0;0;0;0;0;0;0;0;0;0;13;0;0;0;0;0;0;0;0;0;0;0;0;0;0;0;0;0;0;0;0;0;0;0;0;0;0;0;0;0;0;0;0;0;0;0;0;0;0;0;0;0;0;0;0;0;0;0;"Gammaproteobacteria;Burkholderiales;Burkholderiaceae;Comamonas_F;Comamonas_F sediminis"
0;0;0;0;0;0;0;0;0;0;0;0;0;0;0;0;0;0;0;0;0;0;0;0;0;0;0;0;0;0;0;0;0;0;0;0;0;0;0;0;0;0;0;0;0;0;0;0;0;0;0;0;0;0;0;0;0;0;0;0;0;0;0;0;0;0;0;0;17;0;0;"Gammaproteobacteria;Burkholderiales;Burkholderiaceae;Comamonas;Comamonas koreensis"
0;0;0;0;0;0;0;0;0;0;0;0;0;0;0;0;0;0;0;0;0;0;0;0;0;0;0;0;0;0;0;0;0;0;0;0;0;0;0;0;0;0;0;0;0;0;0;0;0;0;0;0;456;0;0;0;17;0;0;0;0;0;0;0;0;0;0;0;0;0;0;"Gammaproteobacteria;Burkholderiales;Burkholderiaceae;Comamonas;Comamonas tsuruhatensis"
0;0;0;0;0;0;0;0;0;0;0;0;0;0;0;0;0;0;0;0;0;0;0;0;0;0;0;0;0;0;0;0;0;0;0;0;0;0;0;0;0;0;0;0;0;0;0;0;0;0;13;0;0;0;0;0;0;0;0;0;0;0;0;0;0;0;0;0;0;0;0;"Gammaproteobacteria;Burkholderiales;Burkholderiaceae;Janthinobacterium;"
0;0;0;0;0;0;0;0;0;0;0;0;0;0;0;0;0;0;0;0;0;0;0;0;0;0;0;0;0;0;0;0;0;0;0;0;0;0;0;0;0;0;0;0;0;0;0;0;0;0;0;0;0;0;0;0;0;0;0;0;0;0;0;0;0;0;0;0;0;0;0;"Gammaproteobacteria;Burkholderiales;Burkholderiaceae;Janthinobacterium;Janthinobacterium sp002878455"
0;0;0;0;0;0;0;15;0;0;0;0;0;0;0;0;0;0;0;0;0;0;0;0;0;0;0;0;0;0;0;0;0;0;0;0;0;0;0;0;0;0;0;0;0;0;0;0;0;0;0;0;0;0;0;0;0;0;0;0;0;0;0;0;0;0;0;0;0;0;0;"Gammaproteobacteria;Burkholderiales;Burkholderiaceae;Lautropia;Lautropia mirabilis"
0;0;0;0;0;0;0;0;0;0;0;0;0;0;0;0;0;0;0;0;0;0;0;0;0;0;0;0;0;0;0;0;0;0;0;0;0;0;0;0;0;0;0;0;28;0;0;0;0;0;0;0;0;0;0;0;0;0;0;0;0;0;0;0;0;0;0;0;0;0;0;"Gammaproteobacteria;Burkholderiales;Burkholderiaceae;Massilia;"
0;0;0;0;0;0;0;0;0;0;0;0;0;0;0;0;0;0;0;0;0;0;0;0;0;0;0;0;0;0;0;0;0;0;0;0;0;0;0;0;0;0;0;0;0;0;0;0;0;0;0;0;0;0;0;0;0;0;0;0;0;0;0;0;0;0;23;0;0;0;0;"Gammaproteobacteria;Burkholderiales;Burkholderiaceae;Massilia;Massilia timonae"
0;0;24;0;75;0;0;0;0;0;0;0;0;0;0;0;0;0;0;0;0;0;0;0;0;0;0;0;26;0;0;0;0;0;0;0;0;0;0;0;0;0;0;0;101;0;0;0;0;0;0;0;66;0;0;0;0;12;0;0;0;162;18;19;0;23;8;0;0;0;83;"Gammaproteobacteria;Burkholderiales;Burkholderiaceae;Pelomonas;Pelomonas saccharophila"
0;0;0;0;0;0;0;0;0;0;0;0;0;0;0;0;0;0;0;0;0;0;0;0;0;0;0;0;0;0;0;0;0;0;0;0;0;0;0;0;0;0;0;0;0;0;0;0;0;0;0;0;0;0;0;0;0;0;0;0;0;0;0;0;0;0;18;0;0;0;0;"Gammaproteobacteria;Burkholderiales;Burkholderiaceae;Ralstonia;"
0;0;0;0;0;239;0;0;0;0;0;0;0;0;0;0;0;570;0;0;0;17;0;0;0;0;0;0;0;0;0;0;0;0;0;9;0;0;0;0;0;0;0;0;0;0;0;0;0;0;799;0;0;0;0;0;0;0;0;0;0;0;0;0;0;0;0;0;0;0;0;"Gammaproteobacteria;Burkholderiales;Burkholderiaceae;Ralstonia;Ralstonia sp001078575"
0;0;94;0;0;0;0;0;0;0;0;0;0;0;0;0;0;0;0;0;0;0;0;0;0;0;0;0;0;0;0;0;0;0;0;0;0;0;0;0;0;0;0;0;0;0;0;0;0;0;0;0;0;0;0;0;0;0;0;0;0;0;0;0;0;0;0;0;0;0;0;"Gammaproteobacteria;Burkholderiales;Burkholderiaceae;Ramlibacter;Ramlibacter monticola"
0;0;65;0;0;0;0;0;0;0;0;0;0;0;0;0;0;0;0;0;0;0;0;0;0;0;0;0;0;0;0;0;0;0;0;0;0;0;0;0;0;0;0;0;0;0;0;0;0;0;0;0;0;0;0;0;0;0;0;0;0;0;0;0;0;0;0;0;0;0;0;"Gammaproteobacteria;Burkholderiales;Burkholderiaceae;Ramlibacter;Ramlibacter sp007833165"
0;0;0;0;0;0;0;0;0;0;0;0;0;0;0;0;0;0;0;0;0;0;0;0;0;0;0;0;0;0;0;0;0;0;0;0;0;0;0;0;0;0;0;0;0;0;0;0;0;0;0;0;0;0;0;0;0;0;0;0;0;0;0;0;0;0;0;0;0;0;0;"Gammaproteobacteria;Burkholderiales;Burkholderiaceae;Sutterella;Sutterella sp905197905"
0;0;0;0;0;0;0;0;0;0;0;0;0;0;0;0;0;0;0;0;0;0;0;0;0;0;0;0;0;0;0;0;0;0;0;0;0;0;124;0;0;0;0;0;0;0;0;0;0;0;0;0;0;0;81;0;0;0;0;0;0;77;0;0;0;0;0;0;0;0;0;"Gammaproteobacteria;Burkholderiales;Burkholderiaceae;Variovorax;Variovorax sp003952185"
0;0;0;0;0;0;7;0;0;0;0;0;0;0;0;0;0;0;0;0;0;0;0;0;0;0;0;0;0;0;0;0;0;0;0;0;0;0;0;0;0;0;0;0;0;0;0;0;0;0;0;0;0;0;0;0;0;0;0;0;0;0;0;0;0;0;0;0;0;0;0;"Gammaproteobacteria;Burkholderiales;Burkholderiaceae;Variovorax;Variovorax sp014192585"
0;0;0;0;0;0;0;0;0;0;0;0;0;0;0;0;0;0;0;0;0;0;0;0;0;0;0;0;0;0;0;0;0;0;0;0;0;0;0;0;0;0;0;0;15;0;0;0;0;0;0;0;0;0;0;0;0;0;0;0;0;0;0;0;0;0;0;0;0;0;0;"Gammaproteobacteria;Burkholderiales;Casimicrobiaceae;VBCG01;VBCG01 sp016716425"
0;0;0;0;0;0;141;0;0;0;0;0;0;0;0;0;0;0;0;0;0;0;0;0;0;0;0;0;0;0;0;0;0;0;0;0;0;0;0;0;0;0;0;0;0;0;0;0;0;0;0;0;0;0;0;0;0;0;0;0;0;0;0;0;0;18;0;0;0;0;15;"Gammaproteobacteria;Burkholderiales;Neisseriaceae;Conchiformibius;Conchiformibius steedae"
0;0;0;0;0;0;0;0;0;0;0;0;0;0;0;0;0;0;0;0;0;0;0;0;0;0;85;0;0;0;0;0;0;0;0;569;0;0;0;0;0;0;0;0;0;0;0;0;0;0;0;0;0;0;0;0;0;0;0;0;0;0;0;0;0;0;0;0;0;0;50;"Gammaproteobacteria;Burkholderiales;Neisseriaceae;Neisseria;"
0;0;0;0;0;0;0;21;0;0;0;0;30;0;0;0;614;0;0;0;0;0;118;105;0;0;0;0;0;0;0;0;0;95;140;0;0;19;0;0;0;0;0;135;11;0;0;0;0;0;0;0;0;0;0;0;146;0;0;0;0;0;0;0;0;0;0;0;0;0;0;"Gammaproteobacteria;Burkholderiales;Neisseriaceae;Neisseria;Neisseria cinerea"
0;0;0;0;0;0;0;0;0;0;0;0;0;0;0;0;0;0;0;0;0;0;0;0;0;0;0;0;0;0;0;0;0;0;0;0;0;0;0;0;0;0;0;0;0;0;0;0;0;0;0;0;0;0;0;0;0;0;10;0;0;0;0;0;0;0;0;0;0;0;0;"Gammaproteobacteria;Burkholderiales;Neisseriaceae;Neisseria;Neisseria elongata"
0;0;0;0;0;0;0;0;0;0;0;0;0;0;0;0;0;0;0;0;0;0;0;0;0;0;0;0;0;0;0;0;0;0;0;55;0;0;0;0;0;0;0;1079;10;0;0;0;0;0;0;0;0;0;0;0;0;0;0;0;0;0;0;0;0;0;0;0;0;0;0;"Gammaproteobacteria;Burkholderiales;Neisseriaceae;Neisseria;Neisseria flavescens_A"
0;0;0;0;20;0;0;0;0;0;0;0;0;0;0;0;0;0;0;0;0;0;0;0;0;0;0;0;0;0;0;0;0;0;0;0;0;0;0;0;0;0;0;0;0;0;0;0;0;0;0;0;0;0;0;0;0;0;0;0;0;0;0;0;0;0;0;0;0;0;0;"Gammaproteobacteria;Burkholderiales;Neisseriaceae;Neisseria;Neisseria lactamica"
0;0;0;0;0;0;0;0;0;0;0;0;0;0;0;0;0;0;0;0;0;0;0;0;0;0;0;0;0;0;0;0;0;0;176;0;0;0;0;0;0;0;0;0;0;0;0;0;0;0;0;0;0;0;0;0;0;0;0;0;0;0;0;0;0;0;0;0;0;0;0;"Gammaproteobacteria;Burkholderiales;Neisseriaceae;Neisseria;Neisseria perflava"
0;0;0;0;14;0;0;0;0;0;0;0;0;0;0;0;0;0;0;0;0;0;0;0;0;0;0;0;0;0;0;0;0;0;0;0;0;0;0;0;0;0;0;0;0;0;0;0;0;0;0;0;0;0;0;0;0;0;0;0;0;0;0;0;0;0;0;0;0;0;0;"Gammaproteobacteria;Burkholderiales;Neisseriaceae;Neisseria;Neisseria sp000090875"
0;0;0;0;0;0;0;0;9;85;0;0;0;0;0;0;0;0;0;0;0;0;0;0;0;0;0;0;0;0;0;0;0;0;0;0;0;0;0;0;0;207;0;0;0;0;0;0;0;0;0;0;0;0;0;0;0;0;26;0;0;0;0;0;0;0;0;0;0;0;0;"Gammaproteobacteria;Burkholderiales;Neisseriaceae;Neisseria;Neisseria sp000186165"
0;0;30;0;0;0;0;0;0;0;0;0;0;0;0;0;0;0;0;0;0;0;0;0;0;0;0;0;0;0;0;0;0;0;0;0;0;0;0;0;0;0;0;0;0;0;0;0;0;0;0;0;0;0;0;0;0;15;0;0;0;0;0;0;0;0;0;0;0;0;0;"Gammaproteobacteria;Burkholderiales;Neisseriaceae;Neisseria;Neisseria subflava_B"
0;0;0;0;0;0;0;0;0;0;0;0;0;0;0;0;0;0;0;0;0;0;23;207;0;0;0;0;0;0;0;35;28;0;0;0;0;0;0;0;0;0;22;0;0;0;0;0;0;0;0;0;0;0;0;0;0;0;0;0;0;0;0;0;0;2570;1333;0;0;0;0;"Gammaproteobacteria;Burkholderiales;Neisseriaceae;Neisseria;Neisseria subflava_C"
0;0;481;0;3855;202;0;0;0;0;0;0;0;0;0;0;0;0;0;0;0;223;0;492;0;0;0;0;137;0;0;16053;6766;0;1783;0;0;0;0;0;0;0;102;0;0;0;0;0;89;0;0;0;0;1237;843;229;0;0;0;0;0;0;0;0;0;0;12;0;0;0;0;"Gammaproteobacteria;Burkholderiales;Neisseriaceae;QFNR01;QFNR01 sp016864895"
0;0;0;0;0;0;0;0;0;0;0;0;0;0;11;0;0;0;0;0;0;0;0;0;0;0;0;0;0;0;0;0;0;0;0;0;0;0;0;0;0;0;0;0;0;0;0;0;0;0;0;0;0;0;0;0;0;0;0;0;0;0;0;0;0;0;0;0;0;0;0;"Gammaproteobacteria;Burkholderiales;Rhodocyclaceae;Zoogloea;Zoogloea sp009469605"
0;0;0;0;0;0;0;0;0;0;0;0;0;0;0;0;0;36;0;0;0;0;0;0;0;0;0;0;0;0;0;0;0;0;0;0;0;0;0;0;0;0;0;0;0;0;0;0;0;0;0;0;0;0;0;0;0;0;0;0;0;0;0;0;0;0;0;0;0;0;0;"Gammaproteobacteria;Burkholderiales;SG8-39;2-12-FULL-64-23;2-12-FULL-64-23 sp001770575"
0;0;0;0;0;0;0;0;0;0;0;0;0;0;0;0;0;0;0;0;0;0;0;0;0;0;0;0;9;0;0;0;0;0;0;0;0;0;0;0;0;0;0;0;0;0;0;0;0;0;0;0;0;0;0;0;0;0;0;0;0;0;0;0;0;0;0;0;0;0;0;"Gammaproteobacteria;Enterobacterales;Aeromonadaceae;Aeromonas;Aeromonas hydrophila"
0;0;0;0;0;0;0;0;0;0;0;0;0;0;0;0;0;0;0;0;0;0;0;0;0;0;0;0;0;0;0;0;0;0;0;23;0;0;0;0;0;0;0;0;0;0;0;0;0;0;0;0;53;0;0;0;0;9;0;0;0;0;0;0;0;0;0;0;0;0;0;"Gammaproteobacteria;Enterobacterales;Enterobacteriaceae;Enterobacter;"
0;0;0;0;0;0;0;0;0;0;0;0;0;0;0;0;0;0;0;0;0;0;0;0;0;0;0;0;0;0;0;0;0;0;0;0;0;0;0;0;0;0;0;0;0;0;0;0;0;0;0;0;1342;0;0;0;0;0;0;0;0;0;0;0;0;0;0;0;0;0;0;"Gammaproteobacteria;Enterobacterales;Enterobacteriaceae;Enterobacter;Enterobacter bugandensis"
0;0;0;0;0;0;0;0;0;0;0;0;0;0;0;0;0;39;0;0;0;0;0;0;0;0;0;0;0;0;0;0;0;0;0;0;0;0;0;0;0;0;0;0;0;0;0;0;0;0;0;0;0;0;0;0;0;0;0;0;0;0;0;0;0;0;0;0;0;0;10;"Gammaproteobacteria;Enterobacterales;Enterobacteriaceae;Enterobacter;Enterobacter cloacae_Q"
0;0;0;0;0;0;0;0;0;0;0;0;0;0;0;0;0;0;0;0;0;0;0;0;0;0;0;0;363;0;0;0;0;0;0;0;0;0;0;0;0;0;0;0;0;0;0;0;0;0;0;0;0;0;0;0;0;0;0;0;0;0;0;0;0;0;0;0;0;0;0;"Gammaproteobacteria;Enterobacterales;Enterobacteriaceae;Erwinia_B;Erwinia_B gerundensis"
0;0;0;0;0;0;0;0;0;0;0;0;0;0;0;0;0;0;0;0;0;0;0;0;0;0;0;0;0;0;0;0;0;0;0;0;0;0;0;0;0;0;0;0;0;0;0;0;0;0;0;0;0;0;0;0;0;0;0;0;0;103;0;0;0;0;0;0;0;0;0;"Gammaproteobacteria;Enterobacterales;Enterobacteriaceae;Klebsiella;Klebsiella grimontii"
0;0;0;0;0;0;0;0;0;0;0;0;0;0;0;0;0;0;0;0;0;0;0;0;0;0;0;0;0;0;0;0;0;0;0;0;0;0;0;0;0;0;0;0;0;0;0;0;0;0;0;0;0;0;0;0;0;0;0;0;0;74;0;0;0;0;0;0;0;0;0;"Gammaproteobacteria;Enterobacterales;Enterobacteriaceae;Klebsiella;Klebsiella michiganensis"
0;0;13;0;0;0;0;0;0;0;0;0;0;0;0;0;0;0;0;0;0;0;0;0;0;0;0;0;46;0;0;0;0;0;0;0;0;0;0;0;0;0;0;0;0;0;0;0;0;0;0;0;0;0;0;0;0;0;0;0;0;0;0;0;0;0;0;0;0;0;0;"Gammaproteobacteria;Enterobacterales;Enterobacteriaceae;Pantoea;"
0;0;0;0;0;0;0;0;0;0;0;0;0;0;0;0;0;0;0;0;0;0;0;0;0;0;0;0;73;0;0;0;0;0;0;0;0;0;0;0;0;0;0;0;0;0;0;0;0;0;0;0;0;0;0;0;0;0;0;0;0;0;0;0;0;0;0;0;0;0;0;"Gammaproteobacteria;Enterobacterales;Enterobacteriaceae;Pantoea;Pantoea brenneri"
0;0;0;0;0;0;0;0;0;0;0;0;0;0;0;0;0;0;0;0;0;0;0;0;0;0;0;0;178;0;0;0;0;0;0;0;0;0;0;0;0;0;0;0;0;0;0;0;0;0;0;0;0;0;0;0;0;0;0;0;0;0;0;0;0;0;0;0;0;0;0;"Gammaproteobacteria;Enterobacterales;Enterobacteriaceae;Pantoea;Pantoea eucrina"
0;0;0;0;0;0;0;0;0;0;0;0;0;0;0;0;0;0;0;0;0;0;0;0;0;0;0;0;424;0;0;0;0;0;0;0;0;0;0;0;0;0;0;0;0;0;0;0;0;0;0;0;0;0;0;0;0;0;0;0;0;0;0;0;0;0;0;0;0;0;0;"Gammaproteobacteria;Enterobacterales;Enterobacteriaceae;Pantoea;Pantoea vagans"
0;0;0;0;0;0;0;0;0;84;0;0;0;0;0;0;0;0;0;0;0;0;0;0;0;0;0;0;0;0;0;0;0;0;0;0;0;0;0;0;0;0;0;0;0;0;0;0;0;0;0;0;0;0;0;0;0;0;0;0;0;0;0;0;0;0;0;0;0;0;0;"Gammaproteobacteria;Enterobacterales;Enterobacteriaceae;Pseudescherichia;Pseudescherichia vulneris"
0;0;0;0;0;0;0;0;0;0;0;0;0;0;0;0;0;0;0;0;0;0;0;0;0;0;0;0;0;0;0;0;0;0;0;0;0;0;0;0;0;0;0;0;0;0;0;0;0;0;0;0;0;0;0;0;0;0;0;0;0;0;0;0;0;0;0;0;0;0;0;"Gammaproteobacteria;Enterobacterales;Enterobacteriaceae;Salmonella;Salmonella enterica"
0;0;0;0;0;0;0;0;0;0;0;0;0;0;0;0;0;0;0;0;0;0;0;0;0;0;0;0;0;0;0;0;0;0;0;0;0;0;0;0;0;0;0;0;0;0;0;0;0;0;0;0;0;0;0;0;0;0;0;0;0;0;0;11;0;0;0;0;0;0;0;"Gammaproteobacteria;Enterobacterales;Enterobacteriaceae;Yersinia;Yersinia frederiksenii"
0;0;0;0;0;0;14;0;0;0;0;0;0;0;0;0;0;0;0;0;0;0;0;0;0;0;0;0;0;0;0;0;0;0;0;0;0;0;0;0;0;0;0;0;0;0;0;0;0;0;0;0;0;0;0;0;0;0;0;0;0;0;0;0;0;0;0;0;0;0;0;"Gammaproteobacteria;Enterobacterales;Pasteurellaceae;Frederiksenia;Frederiksenia canicola"
0;0;0;0;0;0;0;0;0;0;0;0;0;0;0;0;0;0;0;0;0;0;0;0;0;0;0;0;0;0;0;0;0;0;0;0;0;0;0;0;0;0;0;0;0;0;0;0;0;0;0;0;0;0;0;0;54;0;0;0;0;0;0;0;0;0;0;0;0;0;0;"Gammaproteobacteria;Enterobacterales;Pasteurellaceae;Haemophilus_A;Haemophilus_A parahaemolyticus"
0;0;0;0;0;0;0;0;0;0;0;0;0;0;0;0;0;0;0;0;0;0;0;0;0;0;0;0;0;0;0;0;0;0;0;0;0;0;0;0;0;54;0;124;0;0;0;0;0;0;0;0;0;0;0;0;0;0;0;0;0;0;0;0;0;164;0;0;0;0;0;"Gammaproteobacteria;Enterobacterales;Pasteurellaceae;Haemophilus_A;Haemophilus_A sputorum"
0;0;0;0;0;53;0;0;0;0;0;0;0;0;0;0;0;0;0;0;0;0;0;0;0;0;0;0;0;0;0;0;0;0;0;0;0;59;0;0;0;240;0;207;0;0;0;0;0;0;0;0;0;0;0;0;77;0;0;0;0;0;0;0;0;941;108;0;0;0;0;"Gammaproteobacteria;Enterobacterales;Pasteurellaceae;Haemophilus_D;"
0;0;156;0;0;0;0;0;0;0;0;0;0;0;0;0;0;0;0;0;0;0;0;0;0;0;0;0;0;0;0;0;0;0;0;0;0;0;0;0;0;0;0;0;0;0;0;0;0;0;0;0;0;0;0;0;0;0;0;0;0;8;0;0;0;0;0;0;0;0;0;"Gammaproteobacteria;Enterobacterales;Pasteurellaceae;Haemophilus_D;Haemophilus_D parainfluenzae"
0;0;0;0;0;0;0;0;0;0;0;0;0;0;0;0;0;0;0;0;0;0;0;0;0;0;0;0;0;0;0;0;0;0;0;0;0;0;0;0;0;0;0;0;513;0;0;0;0;0;0;0;0;0;0;0;0;0;0;0;0;0;0;0;0;0;0;0;0;0;0;"Gammaproteobacteria;Enterobacterales;Pasteurellaceae;Haemophilus_D;Haemophilus_D parainfluenzae_K"
0;0;0;0;0;0;0;0;0;0;0;0;0;0;0;0;0;0;0;0;0;0;0;0;0;0;0;0;0;0;0;0;0;0;0;0;0;0;0;0;0;0;0;0;0;0;0;0;0;0;0;0;0;0;0;0;0;0;0;0;0;0;0;0;0;0;0;0;0;0;44;"Gammaproteobacteria;Enterobacterales;Pasteurellaceae;Haemophilus_D;Haemophilus_D parainfluenzae_L"
0;0;0;0;0;0;0;0;0;0;0;0;0;0;0;0;0;0;0;0;0;0;0;0;0;0;0;0;0;0;0;0;0;0;0;0;0;40;0;0;0;0;0;0;0;0;0;0;0;0;0;0;0;0;0;0;0;0;0;0;0;0;0;0;0;0;0;0;0;0;0;"Gammaproteobacteria;Enterobacterales;Pasteurellaceae;Haemophilus_D;Haemophilus_D parainfluenzae_M"
0;0;0;0;0;0;0;0;0;0;0;0;0;0;0;0;335;0;0;0;0;0;0;0;0;0;331;0;0;0;0;0;0;0;0;0;0;0;0;0;0;0;0;0;508;0;0;0;0;0;0;0;0;0;0;0;0;0;185;0;0;0;0;0;0;0;0;0;0;0;0;"Gammaproteobacteria;Enterobacterales;Pasteurellaceae;Haemophilus_D;Haemophilus_D parainfluenzae_N"
0;0;0;0;0;0;0;0;0;0;0;0;0;0;0;0;0;0;0;0;0;0;0;0;0;0;0;0;0;0;0;0;0;0;0;0;0;0;0;0;0;0;0;79;0;0;0;0;0;0;0;0;0;0;0;0;0;0;0;0;0;0;0;0;0;0;0;0;0;0;0;"Gammaproteobacteria;Enterobacterales;Pasteurellaceae;Haemophilus_D;Haemophilus_D pittmaniae"
0;0;0;0;0;0;0;0;0;0;0;0;0;0;0;0;0;0;0;0;0;0;0;0;0;0;0;0;0;0;0;0;0;0;0;0;0;0;0;0;0;0;0;0;834;0;0;0;0;0;0;0;0;0;0;0;0;0;0;0;0;0;0;0;0;0;0;0;0;0;0;"Gammaproteobacteria;Enterobacterales;Pasteurellaceae;Haemophilus_D;Haemophilus_D sp001815355"
0;0;0;0;0;27;0;0;0;0;0;0;0;0;0;0;0;0;0;0;0;0;0;0;0;0;0;0;0;0;0;0;0;0;0;0;0;0;0;0;0;186;0;0;0;0;0;0;0;0;0;0;0;0;0;0;0;0;0;0;0;0;0;0;0;0;0;0;0;0;0;"Gammaproteobacteria;Enterobacterales;Pasteurellaceae;Haemophilus_D;Haemophilus_D sp900764435"
0;0;0;469;0;0;0;0;1992;0;0;0;0;5786;0;0;0;0;0;2444;30;0;0;0;0;0;0;0;141;0;0;0;0;0;0;0;0;0;0;0;0;0;0;0;0;0;0;0;0;0;0;0;0;0;0;0;0;0;0;0;0;0;0;0;0;0;0;0;0;0;0;"Gammaproteobacteria;Enterobacterales;Pasteurellaceae;Haemophilus;"
0;0;0;0;0;0;0;0;0;0;0;0;0;0;0;0;0;0;0;0;0;0;0;0;0;0;0;0;0;0;0;0;0;0;0;0;0;0;0;0;0;0;0;0;0;0;0;0;0;0;0;0;0;0;0;0;0;0;0;0;0;0;0;0;0;0;0;0;0;0;0;"Gammaproteobacteria;Enterobacterales;Pasteurellaceae;Haemophilus;Haemophilus haemolyticus_G"
0;0;0;0;0;0;0;0;0;0;0;0;0;0;0;0;0;0;0;0;0;0;17;0;0;0;0;0;0;0;0;0;0;0;0;0;0;0;0;0;0;0;0;0;0;0;0;0;0;0;0;0;0;0;0;0;0;0;0;0;0;0;0;0;0;150;1608;0;0;0;0;"Gammaproteobacteria;Enterobacterales;Pasteurellaceae;Haemophilus;Haemophilus haemolyticus_J"
0;0;0;1012;0;0;0;0;0;0;0;0;0;0;0;0;0;0;0;0;95;0;0;0;0;0;0;0;0;0;0;0;0;0;0;0;0;0;0;0;0;0;0;0;0;0;0;0;0;0;0;0;0;0;0;0;0;0;0;0;0;0;0;0;0;0;0;0;0;0;0;"Gammaproteobacteria;Enterobacterales;Pasteurellaceae;Haemophilus;Haemophilus influenzae"
0;0;0;0;0;0;0;0;0;0;0;0;0;48;0;0;0;0;0;0;0;0;0;0;0;0;0;0;0;0;0;0;0;0;0;0;0;0;0;0;0;0;0;0;0;0;0;0;0;0;0;0;0;0;0;0;0;0;0;0;0;0;0;0;0;0;0;0;0;0;0;"Gammaproteobacteria;Enterobacterales;Pasteurellaceae;Haemophilus;Haemophilus influenzae_D"
0;0;0;0;0;0;0;0;8414;0;0;0;0;0;0;0;0;0;371;0;0;0;0;0;0;0;0;0;0;0;0;0;0;0;0;0;0;0;0;0;0;0;0;0;0;0;0;0;0;0;0;0;0;0;0;0;0;0;0;0;0;0;0;0;0;0;0;0;0;0;0;"Gammaproteobacteria;Enterobacterales;Pasteurellaceae;Haemophilus;Haemophilus influenzae_E"
0;0;0;0;0;6;0;0;0;0;0;0;0;0;0;0;0;0;0;0;0;0;0;0;0;0;0;0;0;0;0;0;0;0;0;0;0;0;0;0;0;0;0;0;53;0;0;0;0;0;0;0;0;0;0;0;0;0;0;0;0;0;0;0;0;0;0;0;0;0;0;"Gammaproteobacteria;Enterobacterales;Pasteurellaceae;Haemophilus;Haemophilus quentini"
0;0;0;0;0;0;0;0;0;1050;0;0;0;0;0;0;177;23;0;0;0;0;0;0;0;0;0;0;0;0;0;0;0;0;85;18;0;0;0;0;0;0;0;105;0;0;0;0;8;0;0;0;0;0;0;0;0;0;0;0;0;0;22;0;0;45;1725;0;0;0;0;"Gammaproteobacteria;Enterobacterales;Pasteurellaceae;Haemophilus;Haemophilus seminalis"
0;0;63;0;0;0;0;0;0;0;0;0;0;0;0;0;0;0;0;0;0;0;0;0;0;0;0;0;0;0;0;0;0;0;0;0;0;0;0;0;0;0;0;0;0;0;0;0;0;0;0;0;0;0;0;0;0;0;0;0;0;73;0;0;0;0;0;0;0;0;0;"Gammaproteobacteria;Nevskiales;Nevskiaceae;Nevskia;Nevskia soli"
0;0;0;0;0;0;0;0;0;0;0;0;0;0;0;0;0;9;0;0;0;0;0;0;0;0;0;0;0;0;0;0;0;0;0;0;0;0;0;0;0;0;0;0;10;0;0;0;0;0;0;0;0;0;0;0;0;0;0;0;0;0;0;0;0;0;0;0;0;0;0;"Gammaproteobacteria;Pseudomonadales;Halomonadaceae;Halomonas;Halomonas olivaria"
0;0;0;0;0;0;0;0;0;0;0;0;0;0;0;0;0;0;0;0;0;0;0;0;0;0;0;0;0;0;0;0;0;0;0;0;0;0;0;0;0;0;0;0;0;0;0;0;0;0;0;0;0;0;0;0;0;0;0;0;0;0;0;0;0;0;0;0;14;0;0;"Gammaproteobacteria;Pseudomonadales;Moraxellaceae;Acinetobacter;"
0;0;0;0;18;0;0;0;0;0;0;0;0;0;0;0;0;0;0;0;0;0;0;0;0;0;0;0;0;0;0;0;0;0;0;0;0;0;0;0;0;0;0;0;0;0;0;0;0;0;0;0;0;0;0;0;0;0;0;0;0;0;0;0;0;0;0;0;0;0;0;"Gammaproteobacteria;Pseudomonadales;Moraxellaceae;Acinetobacter;Acinetobacter guillouiae"
0;0;0;0;0;16;0;0;0;0;0;0;0;0;0;0;0;187;0;0;0;0;0;0;0;0;0;0;0;0;0;0;0;0;0;0;0;46;0;0;0;0;0;0;0;0;0;0;0;0;0;0;0;0;0;0;0;0;0;0;0;0;0;0;0;0;0;0;0;0;0;"Gammaproteobacteria;Pseudomonadales;Moraxellaceae;Acinetobacter;Acinetobacter idrijaensis"
0;0;0;0;0;0;0;0;0;37;0;0;0;0;0;0;0;0;0;0;0;0;0;0;0;0;0;0;0;0;0;0;0;0;0;1342;0;0;0;0;0;0;0;0;25;0;0;0;0;0;0;0;0;0;0;0;0;0;0;0;0;0;0;0;0;0;0;0;0;0;0;"Gammaproteobacteria;Pseudomonadales;Moraxellaceae;Acinetobacter;Acinetobacter johnsonii"
0;0;0;0;0;0;0;0;0;0;0;0;0;0;0;0;0;0;0;0;0;0;0;0;0;0;0;0;0;0;0;0;0;0;0;0;0;53;0;0;0;0;0;0;0;0;0;0;0;0;0;0;0;0;0;0;0;0;0;0;0;0;0;0;0;0;0;0;0;0;0;"Gammaproteobacteria;Pseudomonadales;Moraxellaceae;Acinetobacter;Acinetobacter lwoffii_E"
0;0;0;0;0;0;0;0;0;0;0;0;0;0;0;0;0;0;0;0;0;0;0;0;0;0;0;0;0;0;0;0;0;0;0;0;0;0;0;0;0;0;0;0;0;0;0;0;0;0;0;0;0;0;0;0;0;0;0;0;0;0;0;0;0;0;0;0;0;0;13;"Gammaproteobacteria;Pseudomonadales;Moraxellaceae;Acinetobacter;Acinetobacter parvus"
0;0;0;0;0;0;0;0;0;0;0;0;0;0;0;0;0;0;0;0;0;0;0;0;0;0;0;0;0;0;0;0;0;0;0;0;0;0;0;0;0;0;0;0;0;0;0;0;0;0;0;0;3059;0;0;0;0;0;0;0;0;0;0;0;0;0;0;0;0;0;0;"Gammaproteobacteria;Pseudomonadales;Moraxellaceae;Acinetobacter;Acinetobacter sp000369525"
0;0;0;0;0;0;0;0;0;0;0;0;0;0;0;0;0;0;0;0;0;0;0;0;0;0;0;0;0;0;0;0;0;0;0;0;0;33;0;0;0;0;87;0;0;0;0;0;0;0;0;0;0;0;0;0;0;0;0;0;0;51;0;0;0;9;0;0;0;0;0;"Gammaproteobacteria;Pseudomonadales;Moraxellaceae;Acinetobacter;Acinetobacter ursingii"
0;0;0;0;0;0;0;0;0;0;0;0;0;0;0;0;0;0;0;0;0;0;0;0;0;0;0;0;0;0;0;0;0;0;0;7;0;0;0;0;0;0;0;0;0;0;0;0;0;0;0;0;0;0;0;0;0;0;0;0;0;0;0;0;0;0;0;0;0;0;0;"Gammaproteobacteria;Pseudomonadales;Moraxellaceae;Acinetobacter;Acinetobacter variabilis"
0;0;0;0;0;0;0;0;0;0;0;0;0;0;0;0;0;0;0;0;0;0;0;8;0;0;0;0;0;0;0;0;0;0;0;0;0;0;16;0;0;0;0;0;16;0;0;0;0;0;0;0;0;0;0;0;0;0;0;0;0;0;0;0;0;0;0;0;0;0;121;"Gammaproteobacteria;Pseudomonadales;Moraxellaceae;Moraxella_A;Moraxella_A osloensis"
0;0;14;0;0;0;0;0;0;0;0;0;0;0;0;0;0;68;0;0;0;0;0;0;0;0;0;0;0;0;0;0;0;0;0;0;0;0;0;0;0;0;0;75;0;0;0;0;0;0;0;0;0;0;0;0;22;140;0;0;0;0;0;24;0;69;0;0;0;0;0;"Gammaproteobacteria;Pseudomonadales;Moraxellaceae;Moraxella_A;Moraxella_A sp002478835"
0;20298;0;872;0;0;0;0;0;0;777;0;0;0;0;1945;0;0;0;0;0;0;0;0;0;0;0;0;0;0;0;0;0;0;0;0;0;0;0;0;0;0;0;0;0;0;0;0;0;0;0;0;0;0;0;0;0;0;0;0;0;0;0;0;0;0;0;0;0;0;0;"Gammaproteobacteria;Pseudomonadales;Moraxellaceae;Moraxella_C;Moraxella_C lincolnii"
0;0;0;0;0;0;0;0;0;0;0;0;0;0;0;0;0;0;0;0;0;0;0;0;0;0;0;0;0;0;0;0;0;0;0;0;0;0;0;0;0;0;0;0;0;0;0;0;0;0;0;0;0;0;0;0;0;0;0;0;0;0;0;0;0;0;0;0;0;0;0;"Gammaproteobacteria;Pseudomonadales;Moraxellaceae;Moraxella;"
96;0;0;1710;836;0;0;0;0;0;0;0;47;20;52;21615;0;0;31780;500;3947;30781;36969;0;102;35340;0;0;0;4068;0;0;0;4771;64;0;8661;0;0;31803;43173;0;22;0;0;0;14380;9422;6251;0;0;4134;0;0;0;0;1564;0;0;2040;520;0;0;0;0;0;0;1845;0;53;64;"Gammaproteobacteria;Pseudomonadales;Moraxellaceae;Moraxella;Moraxella catarrhalis"
175;0;0;8001;0;0;0;0;0;0;40330;33363;25037;0;0;10015;0;0;5804;29998;26097;0;0;0;0;3631;0;0;0;34386;32807;0;0;15074;9662;0;0;7;0;0;0;0;29822;0;0;27739;0;13938;10715;0;0;15290;0;0;111;0;0;0;0;6177;6725;0;0;0;0;0;0;4634;0;17041;1870;"Gammaproteobacteria;Pseudomonadales;Moraxellaceae;Moraxella;Moraxella nonliquefaciens"
0;0;0;0;0;0;0;0;0;0;0;0;0;0;0;0;0;0;0;0;0;0;0;0;0;0;0;0;0;0;0;0;0;0;0;0;0;0;0;0;0;0;0;0;0;0;0;0;0;0;0;0;0;0;0;0;0;0;0;0;0;0;0;0;0;0;0;0;0;0;0;"Gammaproteobacteria;Pseudomonadales;Moraxellaceae;Psychrobacter;Psychrobacter alimentarius_A"
0;0;23;0;0;0;0;0;0;0;0;0;0;0;0;0;0;0;0;0;0;0;0;0;0;0;0;0;0;0;0;0;0;0;0;0;0;0;0;0;0;0;0;0;0;0;0;0;0;0;0;0;0;0;0;0;0;0;0;0;0;0;0;0;0;0;0;0;0;0;0;"Gammaproteobacteria;Pseudomonadales;Moraxellaceae;Psychrobacter;Psychrobacter faecalis"
0;0;0;0;0;0;0;0;0;0;0;0;0;0;0;0;0;0;0;0;0;0;0;0;0;0;0;0;31;0;0;0;0;0;0;0;0;0;0;0;0;0;0;0;0;0;0;0;0;0;0;0;0;0;0;0;0;0;0;0;0;0;0;0;0;0;77;0;0;0;0;"Gammaproteobacteria;Pseudomonadales;Pseudomonadaceae;Pseudomonas_A;Pseudomonas_A sp003205815"
0;0;0;0;0;0;0;0;0;0;0;0;0;0;0;0;0;0;0;0;0;0;0;0;0;0;0;0;0;0;0;0;0;0;0;0;0;0;0;0;0;0;0;0;0;0;0;0;0;0;0;0;0;0;0;0;0;0;0;0;0;0;0;0;0;0;21;0;0;0;0;"Gammaproteobacteria;Pseudomonadales;Pseudomonadaceae;Pseudomonas_A;Pseudomonas_A stutzeri_AK"
0;0;0;0;0;0;0;0;0;0;0;0;0;0;0;0;0;0;0;0;0;0;0;0;0;0;0;0;0;0;0;0;0;0;0;0;0;0;0;0;0;0;0;0;0;0;0;0;0;0;0;0;0;0;0;47;0;0;0;0;0;0;0;0;0;19;5;0;0;0;0;"Gammaproteobacteria;Pseudomonadales;Pseudomonadaceae;Pseudomonas_B;Pseudomonas_B oryzihabitans"
0;0;0;0;0;0;0;0;0;0;0;0;0;0;0;0;0;0;0;0;0;0;0;0;0;0;0;0;51;0;0;0;0;0;0;0;0;0;0;0;0;0;0;0;0;0;0;0;0;0;0;0;0;0;14;0;0;13;0;0;0;0;0;0;0;0;0;0;0;0;0;"Gammaproteobacteria;Pseudomonadales;Pseudomonadaceae;Pseudomonas_E;"
0;0;0;0;0;0;0;0;0;6;0;0;0;0;0;0;0;0;0;0;0;0;0;0;0;0;0;0;0;0;0;0;0;0;0;0;0;0;0;0;0;0;0;0;0;0;0;0;0;0;0;0;0;0;0;0;0;0;0;0;0;0;0;0;0;0;0;0;0;0;0;"Gammaproteobacteria;Pseudomonadales;Pseudomonadaceae;Pseudomonas_E;Pseudomonas_E bubulae"
0;0;0;0;0;0;0;0;0;0;0;0;0;0;0;0;0;0;0;0;0;0;0;0;0;0;0;0;131;0;0;0;0;0;0;0;0;0;0;0;0;0;0;0;0;0;0;0;0;0;0;0;0;0;0;0;0;0;0;0;0;0;0;0;0;0;0;0;0;0;0;"Gammaproteobacteria;Pseudomonadales;Pseudomonadaceae;Pseudomonas_E;Pseudomonas_E coleopterorum"
0;0;0;0;0;0;0;0;0;0;0;0;0;0;0;0;0;0;0;0;0;0;0;0;0;0;0;0;0;0;0;0;0;0;0;0;0;0;0;0;0;0;0;0;0;0;0;0;0;0;0;0;0;0;0;0;0;0;0;0;0;0;0;0;0;0;0;0;0;0;0;"Gammaproteobacteria;Pseudomonadales;Pseudomonadaceae;Pseudomonas_E;Pseudomonas_E cremoris"
0;0;23;0;0;0;0;0;0;0;0;0;0;0;0;0;0;49;0;0;0;0;0;9;0;0;0;0;63;0;0;0;0;0;0;0;0;0;0;0;0;0;0;0;54;0;0;0;0;0;57;0;21;0;0;0;0;29;0;0;0;0;0;0;0;0;0;0;0;0;0;"Gammaproteobacteria;Pseudomonadales;Pseudomonadaceae;Pseudomonas_E;Pseudomonas_E edaphica"
0;0;0;0;0;0;0;0;0;0;0;0;0;0;0;0;0;47;0;0;0;0;0;0;0;0;0;0;43;0;0;0;0;0;0;0;0;0;0;0;0;0;0;0;0;0;0;0;0;223;0;0;0;0;0;0;0;31;0;0;0;0;0;0;0;4;0;0;0;0;0;"Gammaproteobacteria;Pseudomonadales;Pseudomonadaceae;Pseudomonas_E;Pseudomonas_E helleri"
0;0;0;0;0;0;0;0;0;0;0;0;0;0;0;0;0;0;0;0;0;0;0;97;0;0;0;0;0;0;0;0;0;0;0;0;0;0;0;0;0;0;0;0;0;0;0;0;0;0;0;0;0;0;0;0;0;0;0;0;0;0;0;0;0;0;0;0;0;0;0;"Gammaproteobacteria;Pseudomonadales;Pseudomonadaceae;Pseudomonas_E;Pseudomonas_E mendocina_A"
0;0;0;0;0;0;0;0;0;0;0;0;0;0;0;0;0;0;0;0;0;0;0;0;0;0;0;0;0;0;0;0;0;0;0;0;0;0;0;0;0;0;0;0;0;0;0;0;0;0;0;0;0;0;0;86;39;0;0;0;0;0;0;0;0;0;0;0;0;0;0;"Gammaproteobacteria;Pseudomonadales;Pseudomonadaceae;Pseudomonas_E;Pseudomonas_E sp005938045"
0;0;0;0;39;0;0;0;0;0;0;0;0;0;0;0;0;0;0;0;0;0;0;0;0;0;0;0;0;0;0;0;0;0;0;0;0;0;0;0;0;0;0;0;0;0;0;0;0;0;0;0;0;0;0;0;0;0;0;0;0;0;0;0;0;0;0;0;0;0;0;"Gammaproteobacteria;Pseudomonadales;Pseudomonadaceae;Pseudomonas_E;Pseudomonas_E versuta"
0;0;0;0;0;0;0;0;0;0;0;0;0;0;0;0;0;0;0;0;0;0;0;0;0;0;0;0;0;0;0;0;0;0;0;0;0;0;0;0;0;0;0;0;0;0;0;0;0;0;0;0;0;0;0;0;0;0;0;0;0;0;0;0;0;21;7;0;0;0;0;"Gammaproteobacteria;Pseudomonadales;Pseudomonadaceae;Pseudomonas_F;Pseudomonas_F alcaligenes_A"
0;0;0;0;0;0;0;0;0;0;0;0;0;0;0;0;0;0;0;0;0;0;0;0;0;0;0;0;0;0;0;0;0;0;0;0;0;0;0;0;0;0;0;0;0;0;0;0;0;0;0;0;0;0;0;0;0;0;0;0;0;0;0;0;0;0;0;0;0;0;0;"Gammaproteobacteria;Steroidobacterales;Steroidobacteraceae;SZAS-83;SZAS-83 sp018241525"
0;0;57;0;0;0;0;0;0;0;0;0;0;0;0;0;0;82;0;0;0;0;0;0;0;0;0;0;0;0;0;0;0;0;0;0;0;0;0;0;0;0;0;0;103;0;0;0;0;0;143;0;0;0;80;10;0;29;0;0;0;0;0;95;0;0;22;0;0;0;54;"Gammaproteobacteria;Steroidobacterales;Steroidobacteraceae;ZC4RG30;ZC4RG30 sp016720075"
0;0;0;0;0;0;0;0;0;0;0;0;0;0;0;0;0;0;0;0;0;0;0;0;0;0;0;0;0;0;0;0;0;0;0;0;0;0;0;0;0;0;0;0;0;0;0;0;0;0;0;0;0;0;0;0;0;0;0;0;0;0;0;0;0;0;14;0;0;0;0;"Gammaproteobacteria;Xanthomonadales;Xanthomonadaceae;Luteimonas;Luteimonas sp002307375"
0;0;0;0;0;0;0;0;0;0;0;0;0;0;0;0;0;0;0;0;0;0;0;0;0;0;0;0;0;0;0;0;0;0;0;0;0;0;0;0;0;0;0;0;0;0;0;0;0;0;0;0;0;0;0;37;0;0;0;0;0;0;0;0;0;0;0;0;0;0;0;"Gammaproteobacteria;Xanthomonadales;Xanthomonadaceae;Luteimonas;Luteimonas sp002324875"
0;0;0;0;0;0;0;0;0;0;0;0;0;0;17;0;0;0;0;0;0;0;0;0;0;0;0;0;0;0;0;0;0;0;0;0;0;0;0;0;0;0;0;0;0;0;0;0;0;0;0;0;0;0;0;0;0;0;0;0;0;0;0;0;0;0;0;0;0;0;0;"Gammaproteobacteria;Xanthomonadales;Xanthomonadaceae;Lysobacter_B;Lysobacter_B tolerans"
0;0;0;0;0;0;0;0;0;0;0;0;0;0;22;0;0;0;0;0;0;0;0;0;0;0;0;0;0;0;0;0;0;0;0;0;0;0;0;0;0;0;0;0;0;0;0;0;0;0;0;0;0;0;0;0;0;0;0;0;0;0;0;0;0;0;0;0;0;0;0;"Gammaproteobacteria;Xanthomonadales;Xanthomonadaceae;Pseudoxanthomonas_A;"
0;0;0;0;0;0;0;0;0;0;0;0;0;0;0;0;0;0;0;0;0;0;0;43;0;0;0;0;0;0;0;0;0;0;0;0;0;0;0;0;0;0;0;0;0;0;0;0;0;0;0;0;0;0;0;0;0;0;0;0;0;0;0;0;0;0;0;0;0;0;0;"Gammaproteobacteria;Xanthomonadales;Xanthomonadaceae;Pseudoxanthomonas_A;Pseudoxanthomonas_A sp014851815"
0;0;0;0;0;0;0;0;0;0;0;0;0;0;0;0;0;0;0;0;0;0;0;0;0;0;0;0;0;0;0;0;0;0;0;0;0;0;0;0;0;0;0;0;0;0;0;0;0;0;0;0;1472;0;0;0;0;0;0;0;0;0;0;0;0;0;0;0;0;0;0;"Gammaproteobacteria;Xanthomonadales;Xanthomonadaceae;Stenotrophomonas;"
0;0;0;0;0;0;0;0;0;0;0;0;0;0;0;0;0;0;0;0;0;0;0;0;0;0;0;0;0;0;0;0;0;0;0;0;0;0;0;0;0;0;0;0;0;0;0;0;0;0;0;0;0;0;0;0;0;0;0;0;0;0;0;0;0;0;0;0;25;0;0;"Gammaproteobacteria;Xanthomonadales;Xanthomonadaceae;Stenotrophomonas;Stenotrophomonas maltophilia"
0;0;0;0;0;0;0;0;0;0;0;0;0;0;0;0;0;0;0;0;0;0;0;0;0;0;0;0;0;0;0;0;0;0;0;29;0;0;0;0;0;0;0;0;0;0;0;0;0;0;0;0;0;0;0;0;0;0;0;0;0;0;0;0;0;0;0;0;0;0;0;"Gammaproteobacteria;Xanthomonadales;Xanthomonadaceae;Stenotrophomonas;Stenotrophomonas maltophilia_R"
0;0;13;0;0;0;0;0;0;0;0;0;0;0;0;0;0;0;0;0;0;0;0;0;0;0;0;0;0;0;0;0;0;0;0;18;0;0;0;0;0;0;0;0;0;0;0;0;0;0;0;0;0;0;0;0;0;0;0;0;0;0;0;0;0;0;0;0;0;0;0;"Gemmatimonadetes;Gemmatimonadales;Gemmatimonadaceae;Gemmatirosa;Gemmatirosa kalamazoonesis"
0;0;0;0;0;0;0;0;0;0;0;0;0;0;0;0;0;0;0;0;0;0;0;0;0;0;0;0;0;0;0;0;0;0;0;0;0;0;0;0;0;0;0;0;0;0;0;0;0;0;0;0;0;0;0;0;0;0;0;0;0;0;0;0;0;0;0;0;0;0;14;"Negativicutes;Selenomonadales;Selenomonadaceae;Centipeda;Centipeda sp001683335"
0;0;0;0;0;0;0;0;0;30;0;0;0;0;0;0;0;0;0;0;0;0;0;0;0;0;0;15;0;0;0;0;0;0;0;0;0;0;0;0;0;0;0;0;0;0;0;0;0;0;0;0;0;0;0;0;0;221;0;0;0;0;0;0;0;0;0;0;0;0;99;"Negativicutes;Veillonellales;Megasphaeraceae;Anaeroglobus;Anaeroglobus micronuciformis"
0;0;0;0;0;0;0;0;0;1081;0;0;0;0;0;0;120;234;0;0;0;0;53;0;131;0;66;0;0;0;0;0;0;0;0;0;0;0;495;0;0;0;0;0;73;0;0;0;0;0;0;0;0;0;0;0;100;70;0;0;0;0;0;0;0;0;0;0;0;0;0;"Negativicutes;Veillonellales;Veillonellaceae;F0422;"
0;0;0;0;0;0;0;0;0;118;0;0;0;0;0;0;0;0;0;0;0;0;0;0;112;0;86;147;0;0;0;0;0;0;0;0;0;276;0;0;0;0;0;0;0;0;0;0;0;0;0;0;0;0;0;0;0;0;0;0;0;18;0;0;0;0;0;0;0;236;0;"Negativicutes;Veillonellales;Veillonellaceae;F0422;F0422 sp003992005"
0;0;0;0;0;0;0;0;0;0;0;0;0;0;0;0;0;0;0;0;0;0;0;0;0;0;0;0;0;0;0;0;0;0;100;0;0;0;0;0;0;0;0;0;0;0;0;0;0;0;0;0;0;0;0;0;0;0;0;0;0;0;0;0;0;0;0;0;0;0;0;"Negativicutes;Veillonellales;Veillonellaceae;F0422;F0422 sp003992135"
0;0;0;0;0;0;0;0;0;0;0;0;115;0;0;0;115;0;0;0;0;0;0;0;0;0;0;0;0;0;0;0;0;0;0;0;0;0;0;0;0;0;0;0;0;0;0;0;0;0;0;0;0;0;0;0;0;0;0;0;0;0;0;0;0;0;0;0;0;0;0;"Negativicutes;Veillonellales;Veillonellaceae;F0422;F0422 sp003992315"
0;0;55;0;0;293;0;0;0;512;0;0;0;0;0;0;475;87;0;0;0;0;87;0;0;0;0;0;0;0;0;0;0;0;79;0;0;0;0;0;0;0;0;0;0;0;0;0;0;161;0;0;0;0;0;0;331;541;0;0;0;30;319;90;0;0;0;0;0;0;0;"Negativicutes;Veillonellales;Veillonellaceae;F0422;F0422 sp003999875"
0;0;397;0;0;0;0;0;0;0;3;0;0;36;0;0;28;0;53;0;0;0;0;0;0;0;0;883;0;0;0;0;0;0;0;0;875;194;0;0;0;0;0;0;0;0;0;0;0;0;0;0;0;0;73;0;73;338;105;0;0;0;0;0;0;103;31;67;0;0;0;"Negativicutes;Veillonellales;Veillonellaceae;Veillonella;"
0;0;141;0;0;0;0;0;0;1069;0;0;0;119;0;0;116;0;0;0;0;0;0;0;0;36;77;340;38;0;0;0;0;0;0;0;0;0;311;0;0;0;0;0;0;0;0;0;0;0;0;0;0;0;0;0;85;0;283;0;0;0;0;0;0;0;0;0;0;0;363;"Negativicutes;Veillonellales;Veillonellaceae;Veillonella;Veillonella atypica"
0;0;0;0;0;67;0;0;0;0;0;0;0;0;0;0;0;0;0;0;0;0;104;0;0;0;0;1123;0;0;0;129;561;0;0;0;0;466;681;0;0;0;0;262;350;0;0;0;0;132;0;0;8;0;77;538;0;0;0;0;0;0;0;0;0;0;0;0;0;149;2270;"Negativicutes;Veillonellales;Veillonellaceae;Veillonella;Veillonella infantium"
0;0;0;0;0;0;0;0;0;0;0;0;0;0;0;0;0;0;0;0;301;0;0;74;0;0;0;0;0;0;0;0;0;0;0;0;0;0;0;0;0;0;0;0;0;0;0;0;0;0;0;0;0;0;0;0;0;253;0;0;0;0;0;0;0;0;0;0;0;0;512;"Negativicutes;Veillonellales;Veillonellaceae;Veillonella;Veillonella nakazawae"
0;0;0;0;0;0;0;0;0;0;0;0;0;0;0;0;0;0;0;0;0;0;0;0;0;0;0;0;0;0;0;0;0;0;0;0;0;6;0;0;0;0;0;0;0;0;0;0;0;0;0;0;0;0;0;0;0;0;16;0;0;0;0;0;0;0;0;0;0;0;0;"Negativicutes;Veillonellales;Veillonellaceae;Veillonella;Veillonella parvula_A"
0;0;0;0;0;0;0;0;0;0;0;0;0;0;0;0;0;0;0;0;0;0;0;0;0;0;0;0;0;0;0;0;0;68;0;18;0;0;0;0;0;0;0;196;0;0;0;0;15;0;0;0;0;0;0;0;0;0;0;0;0;33;0;0;0;775;371;0;0;0;15;"Negativicutes;Veillonellales;Veillonellaceae;Veillonella;Veillonella rogosae"
0;0;0;0;0;0;0;0;0;0;0;0;0;664;0;0;0;0;0;0;0;0;0;0;0;0;0;0;0;0;0;0;0;0;0;0;128;229;0;0;0;0;0;64;95;0;0;0;0;0;0;0;0;0;0;0;0;0;0;0;0;0;0;0;0;0;0;0;0;0;0;"Negativicutes;Veillonellales;Veillonellaceae;Veillonella;Veillonella sp002959755"
0;0;0;0;0;0;0;0;0;381;0;0;0;0;0;0;0;0;0;0;0;0;0;82;0;0;0;0;473;0;0;0;0;0;0;0;0;0;175;0;0;0;0;0;0;0;0;0;0;173;0;0;0;0;0;0;0;0;0;0;0;0;0;0;0;0;0;0;0;0;0;"Negativicutes;Veillonellales;Veillonellaceae;Veillonella;Veillonella sp003463825"
0;0;11;0;0;0;0;0;0;0;0;0;0;0;0;0;0;0;0;0;0;0;0;0;0;0;0;0;0;0;0;0;0;0;0;0;0;0;0;0;0;0;0;0;0;0;0;0;0;0;0;0;0;0;0;0;0;0;0;0;0;0;0;0;0;0;0;0;0;0;0;"Phycisphaerae;Tepidisphaerales;Tepidisphaeraceae;CAIQIQ01;CAIQIQ01 sp903871935"
0;0;0;0;0;0;0;0;0;0;0;0;0;0;0;0;0;0;0;0;0;0;0;0;0;0;0;0;0;0;0;0;0;0;0;0;0;0;12;0;0;0;0;0;0;0;0;0;0;0;0;0;0;0;0;0;0;0;0;0;0;0;0;0;0;0;0;0;0;0;0;"Planctomycetia;Gemmatales;Gemmataceae;Urbifossiella;Urbifossiella sp017308215"
0;0;0;0;0;0;0;0;0;0;0;0;0;0;0;0;0;0;0;0;0;0;0;0;0;0;0;0;0;0;0;0;0;0;0;0;0;0;0;0;0;0;0;0;0;0;0;0;0;0;0;0;0;0;0;0;0;0;0;0;0;0;0;0;0;0;0;0;16;0;0;"Planctomycetia;Isosphaerales;Isosphaeraceae;Singulisphaera;Singulisphaera acidiphila"
0;0;0;0;0;0;0;0;0;0;0;0;0;0;0;0;0;0;0;0;0;0;0;0;0;0;0;0;0;0;0;0;0;0;0;0;0;9;0;0;0;0;0;0;0;0;0;0;0;0;0;0;0;0;0;0;0;0;0;0;0;0;0;0;0;0;0;0;0;0;0;"Polyangia;Polyangiales;GCA-016699535;GCA-016699535;GCA-016699535 sp016699535"
0;0;0;0;0;0;0;0;0;0;0;0;0;0;0;0;0;0;0;0;0;0;0;0;0;0;0;0;0;0;0;0;0;0;0;0;0;0;0;0;0;0;0;0;0;0;0;0;0;0;0;0;0;0;0;0;0;0;0;0;0;0;24;0;0;0;0;0;0;0;0;"Saccharimonadia;Saccharimonadales;Nanogingivalaceae;Nanogingivalis;Nanogingivalis gingivitcus"
0;0;0;0;0;0;0;0;0;0;0;0;0;0;0;0;0;0;0;0;0;0;0;0;0;0;0;9;0;0;0;0;0;0;0;0;0;0;0;0;0;0;0;0;0;0;0;0;0;0;0;0;0;0;0;0;0;0;0;0;0;0;0;0;0;0;0;0;0;0;0;"Saccharimonadia;Saccharimonadales;Nanosynbacteraceae;Nanosynbacter;Nanosynbacter sp015257705"
0;0;21;0;0;0;0;0;0;0;0;0;0;0;0;0;0;0;0;0;0;0;0;0;0;0;0;0;0;0;0;0;0;0;0;0;0;0;0;0;0;0;0;0;0;0;0;0;0;0;0;0;0;0;0;0;0;0;0;0;0;0;0;0;0;0;0;0;0;0;0;"Spirochaetia;Treponematales;Treponemataceae;Treponema_B;Treponema_B putidum"
0;0;0;0;0;0;0;0;0;7;0;0;0;0;0;0;0;0;0;0;0;0;0;0;0;0;0;0;0;0;0;0;0;0;0;0;0;0;0;0;0;0;0;0;0;0;0;0;0;0;0;0;0;0;0;0;0;0;0;0;0;0;0;0;0;0;0;0;0;0;0;"Thermoleophilia;Solirubrobacterales;Solirubrobacteraceae;;"
0;0;0;0;0;0;0;0;0;0;0;0;0;0;0;0;0;0;0;0;0;0;0;0;0;0;0;0;0;0;0;0;0;0;0;0;0;0;0;0;0;0;0;0;0;0;0;0;0;0;0;0;0;0;0;0;0;0;0;0;0;0;0;0;0;0;0;0;0;0;7;"UBA4882;UBA8346;UBA8346;Hydrogenispora;Hydrogenispora ethanolica"
0;0;0;0;0;18;0;0;0;0;0;0;0;0;0;0;0;0;0;0;0;0;0;0;0;0;0;0;0;0;0;0;0;0;0;0;0;0;0;0;0;0;0;0;0;0;0;0;0;0;0;0;0;0;0;0;0;0;0;0;0;0;0;0;0;0;0;0;0;0;0;"Vicinamibacteria;Vicinamibacterales;2-12-FULL-66-21;JACDCA01;JACDCA01 sp013817065"
0;0;0;0;0;0;0;0;0;5;0;0;0;0;0;0;0;0;0;0;0;0;0;0;0;0;0;0;0;0;0;0;0;0;0;0;0;0;0;0;0;0;0;0;0;0;0;0;0;0;0;0;0;0;35;0;0;0;0;0;0;0;0;0;0;0;0;0;0;0;0;"Xenobia;Xenobiales;Xenobiaceae;Xenobium;Xenobium sp012799975"